dataset,seed,partition_id,n_real,mean_resid,std_resid,skew_resid,abs_mean_resid,mean_abs_z,T_value,frac_in_cone,cone_degenerate,status
friedman1,0,2,42,0.03165782336612516,0.10692170686471622,0.35595956239229953,0.03165782336612516,nan,3.857614872327089,0.42857142857142855,False,ok
friedman1,0,5,40,-0.025115802724588365,0.15422508604172694,-0.3321313396649684,0.025115802724588365,nan,5.697429313596549,0.575,False,ok
friedman1,0,6,49,-0.04275022990157155,0.1809195535390055,-1.6567465451272383,0.04275022990157155,nan,-1.6456925715248465,0.30612244897959184,False,ok
friedman1,0,9,44,-0.0004331383353053107,0.10371529065831352,0.46966723109577707,0.0004331383353053107,nan,-1.5807001387643098,0.20454545454545456,False,ok
friedman1,0,11,35,-0.0032150505831517397,0.13313395129039118,-0.3776462713511073,0.0032150505831517397,nan,-2.3597695285044704,0.22857142857142856,False,ok
friedman1,0,13,28,0.011708006580956535,0.1039138230475344,0.32994519978572734,0.011708006580956535,nan,0.026907205421018116,0.42857142857142855,False,ok
friedman1,0,14,28,-0.01061191429773868,0.15780188848609852,-0.07810968576823825,0.01061191429773868,nan,8.541385015813143,0.6428571428571429,False,ok
friedman1,0,17,28,-0.012412200445124725,0.11310743117057069,-0.13159639669289316,0.012412200445124725,nan,8.370727393005348,0.5357142857142857,False,ok
friedman1,0,24,28,0.049939797442535565,0.1469691431650585,1.1426777718359984,0.049939797442535565,nan,11.198814137704455,0.6785714285714286,False,ok
friedman1,0,25,39,-0.019083902256210348,0.13053853300725954,-0.16832576721611395,0.019083902256210348,nan,1.0092217134986445,0.4358974358974359,False,ok
friedman1,0,27,46,0.017984318082016414,0.140924348553498,-0.41250915636771696,0.017984318082016414,nan,-3.054445059814458,0.2391304347826087,False,ok
friedman1,0,28,36,0.01688568992946144,0.16019412270905548,0.5585910093936374,0.01688568992946144,nan,5.179926290462803,0.6388888888888888,False,ok
friedman1,0,31,31,-0.017786201850922615,0.1556272188611243,-0.23424567114541398,0.017786201850922615,nan,-1.171645383108272,0.3225806451612903,False,ok
friedman1,0,32,54,0.01658201467010816,0.11760504960870573,-0.18329476973242048,0.01658201467010816,nan,-2.674207620217603,0.18518518518518517,False,ok
friedman1,0,33,30,0.016841489019055324,0.1083556975002313,-0.013664639613773543,0.016841489019055324,nan,-0.8630285028523438,0.3333333333333333,False,ok
friedman1,0,36,33,-0.009354564263988162,0.17359663184395968,-0.7857960164138769,0.009354564263988162,nan,-3.310921764776079,0.15151515151515152,False,ok
friedman1,0,37,51,-0.04287960652938894,0.1592119099055606,-0.5979861895168462,0.04287960652938894,nan,-0.46429585542541646,0.29411764705882354,False,ok
friedman1,0,38,31,0.04812093537305732,0.10756950130823133,-0.35500466978750883,0.04812093537305732,nan,-4.976969125372523,0.16129032258064516,False,ok
friedman1,0,39,34,0.0483045790799001,0.15682558037963043,1.0235334935412161,0.0483045790799001,nan,-6.730743634517628,0.08823529411764706,False,ok
friedman1,0,40,32,-0.007173652970775178,0.12175655716464674,0.024023930248188302,0.007173652970775178,nan,-7.642751459315921,0.03125,True,ok
friedman1,0,41,33,-0.003547588205949709,0.11896146530058924,0.1319975038753982,0.003547588205949709,nan,-4.017223840632364,0.21212121212121213,False,ok
friedman1,0,42,28,0.043669630684496696,0.10951788403608724,0.18384629678471906,0.043669630684496696,nan,-2.3244714646891516,0.32142857142857145,False,ok
friedman1,1,2,46,0.04716216321543691,0.14519388971776365,1.2006897820191154,0.04716216321543691,nan,5.769554723692257,0.4782608695652174,False,ok
friedman1,1,5,33,-0.048898216382558715,0.16139782793118176,-0.4114097227646797,0.048898216382558715,nan,4.790632506996431,0.5454545454545454,False,ok
friedman1,1,6,53,-0.03780290931774531,0.14294238240999466,-0.8374782053894605,0.03780290931774531,nan,-1.8707181790583354,0.32075471698113206,False,ok
friedman1,1,9,30,0.025244174948438447,0.11923888192028924,0.4996636142561855,0.025244174948438447,nan,-1.597660659235966,0.3333333333333333,False,ok
friedman1,1,10,30,-0.0022906369708324825,0.13358206756529786,0.36380404848415027,0.0022906369708324825,nan,11.92620513502518,0.6333333333333333,False,ok
friedman1,1,13,30,0.003808040402732645,0.1095400853013048,-0.07370196041809958,0.003808040402732645,nan,11.690824154849702,0.7,False,ok
friedman1,1,15,35,-0.0016420732287957033,0.11980349861339835,-0.4132822133904664,0.0016420732287957033,nan,-1.5206823934815903,0.3142857142857143,False,ok
friedman1,1,16,30,0.05345330661710623,0.11284534327583098,0.72143501774808,0.05345330661710623,nan,-1.8178398439230934,0.3,False,ok
friedman1,1,18,46,-0.030855727978076414,0.2515594552586887,-1.8644679428032966,0.030855727978076414,nan,2.0363049005403235,0.391304347826087,False,ok
friedman1,1,20,36,0.017160347143308902,0.14820922212356843,0.3362618729764464,0.017160347143308902,nan,0.7924490424437336,0.3611111111111111,False,ok
friedman1,1,25,33,0.013567543017583675,0.15512686063167633,2.6356251656449827,0.013567543017583675,nan,2.719802378014457,0.36363636363636365,False,ok
friedman1,1,27,32,0.04282783725501309,0.10401778990469136,-0.04810301594638542,0.04282783725501309,nan,0.9496585109905831,0.375,False,ok
friedman1,1,29,29,-0.00026747154674893153,0.11880669284764563,-0.09339740140532386,0.00026747154674893153,nan,-2.002402747370243,0.3793103448275862,False,ok
friedman1,1,30,42,-0.04794867927159445,0.1642159515539929,-0.577329459420139,0.04794867927159445,nan,2.94811711378549,0.4523809523809524,False,ok
friedman1,1,31,47,0.025075995804894596,0.11942411444226844,-0.6482456573921247,0.025075995804894596,nan,-5.962405898649035,0.06382978723404255,False,ok
friedman1,1,33,31,0.002617568822024727,0.1363810098681722,0.32587442714418974,0.002617568822024727,nan,-6.019612998027984,0.0967741935483871,False,ok
friedman1,1,34,32,-0.01684665910565003,0.125932002540652,-0.07934484616736015,0.01684665910565003,nan,-0.7011503674848925,0.375,False,ok
friedman1,1,37,34,-0.00024705286018289637,0.124996141588997,-0.11450958981879311,0.00024705286018289637,nan,-4.65544692280942,0.20588235294117646,False,ok
friedman1,1,38,48,-0.004826729308728371,0.17377237696853617,1.2385278662007728,0.004826729308728371,nan,-2.9394193747696407,0.20833333333333334,False,ok
friedman1,1,39,28,0.004372317210615643,0.11414196251750547,0.05268439930776152,0.004372317210615643,nan,-0.6873073580294092,0.42857142857142855,False,ok
friedman1,1,41,47,0.004149337166135743,0.15813952511533877,-0.06656603203875083,0.004149337166135743,nan,-3.6985055508423357,0.1702127659574468,False,ok
friedman1,1,42,28,-0.015692503370058623,0.1600501492823732,-1.0267427644260532,0.015692503370058623,nan,-1.2886215018403075,0.2857142857142857,False,ok
friedman1,2,2,53,0.03242109577097572,0.12131590427207138,0.8412436366171727,0.03242109577097572,nan,4.433514534240754,0.4716981132075472,False,ok
friedman1,2,5,51,-0.023905199132318353,0.12502668276054504,-0.29003619866951197,0.023905199132318353,nan,4.798910370936152,0.49019607843137253,False,ok
friedman1,2,9,53,-0.005983903689977853,0.10989131350474791,0.00980970380047885,0.005983903689977853,nan,-0.14044242568390047,0.32075471698113206,False,ok
friedman1,2,11,29,0.020047424828863344,0.16509194780440006,0.31302803644032434,0.020047424828863344,nan,-0.2136959443604308,0.3793103448275862,False,ok
friedman1,2,12,28,0.05961072360423977,0.19037394617883907,0.5173156057259665,0.05961072360423977,nan,8.485460340948174,0.6428571428571429,False,ok
friedman1,2,15,32,-0.012953165282473908,0.11964754911389903,-0.008617870892218521,0.012953165282473908,nan,0.5991641882412093,0.40625,False,ok
friedman1,2,16,36,-0.008095512625226071,0.11395776820976121,-0.07566107952733932,0.008095512625226071,nan,-3.4852843657183765,0.19444444444444445,False,ok
friedman1,2,18,30,-0.0043349964507762885,0.12977548613660908,0.5257512985937812,0.0043349964507762885,nan,5.0705794254016805,0.5,False,ok
friedman1,2,23,29,-0.016569248096832936,0.11685380945054509,-0.6602813384975182,0.016569248096832936,nan,5.077894043922233,0.4827586206896552,False,ok
friedman1,2,24,40,0.03223838776129099,0.12003165131384014,-0.07686421713609148,0.03223838776129099,nan,-3.312664109808779,0.2,False,ok
friedman1,2,27,33,-0.024676103586144377,0.13158522758104227,0.630585670596064,0.024676103586144377,nan,-1.168329769938078,0.3939393939393939,False,ok
friedman1,2,28,52,0.02384775198997823,0.15479491096376655,-0.5679765981974976,0.02384775198997823,nan,6.246819401307375,0.4807692307692308,False,ok
friedman1,2,30,30,0.04538336133186075,0.11083399057176194,1.4746548047580992,0.04538336133186075,nan,-0.8900777556083895,0.3333333333333333,False,ok
friedman1,2,31,28,0.00239460884746844,0.11033059804043743,0.1965162398432724,0.00239460884746844,nan,-2.630943788669169,0.2857142857142857,False,ok
friedman1,2,33,30,0.005548271625832311,0.11360344203749384,0.4311082157043306,0.005548271625832311,nan,-1.7171127720229105,0.3333333333333333,False,ok
friedman1,2,36,29,0.036831678273628043,0.11340339032490374,0.19430854969050723,0.036831678273628043,nan,-2.4915576056552755,0.27586206896551724,False,ok
friedman1,2,37,32,-0.006912127041721859,0.1700683838130394,-0.8630404924521984,0.006912127041721859,nan,1.0761414653426562,0.40625,False,ok
friedman1,2,38,47,0.004499453836942854,0.15974011632948287,-0.27835954671452817,0.004499453836942854,nan,-3.720279423994518,0.14893617021276595,False,ok
friedman1,2,39,28,-0.006597215249126802,0.13149021269560981,0.22375605390431497,0.006597215249126802,nan,-2.2848500747085927,0.25,False,ok
friedman1,2,40,28,-0.023510617361326983,0.11319858653639987,0.3324298960787312,0.023510617361326983,nan,-4.06426173026672,0.21428571428571427,False,ok
friedman1,2,41,42,0.005883564481405363,0.1483260530267864,0.22049453370857222,0.005883564481405363,nan,-3.1612736733291755,0.21428571428571427,False,ok
friedman1,2,42,40,-0.0011530684175691253,0.18148937864918646,-0.43832353046902717,0.0011530684175691253,nan,-6.289007581964247,0.1,False,ok
friedman1,3,2,55,0.05038332367604011,0.14182742167756437,0.764904800168868,0.05038332367604011,nan,2.9283183196829845,0.43636363636363634,False,ok
friedman1,3,7,28,-0.05849390211782357,0.1946557016021942,-0.19904190600300814,0.05849390211782357,nan,2.068214825544996,0.42857142857142855,False,ok
friedman1,3,9,32,-0.03424464080466634,0.11287424127151535,0.42735810446559697,0.03424464080466634,nan,6.550546528353504,0.5,False,ok
friedman1,3,10,32,0.0018736384799002284,0.15450119459005046,-0.10599777476576885,0.0018736384799002284,nan,-0.7603681196695726,0.4375,False,ok
friedman1,3,15,34,-0.004076406977311604,0.10863566353182012,0.061255574939399,0.004076406977311604,nan,-1.155076329680045,0.35294117647058826,False,ok
friedman1,3,16,31,0.05253849093334751,0.17556272053769878,0.10739000377830137,0.05253849093334751,nan,4.3360085418823555,0.6451612903225806,False,ok
friedman1,3,21,40,-0.03249785067729784,0.1438976231257509,0.3091943521476977,0.03249785067729784,nan,-3.733300913886823,0.275,False,ok
friedman1,3,22,28,0.049353063753226296,0.09944546995918702,-0.07232918455871613,0.049353063753226296,nan,13.529708314927161,0.7142857142857143,False,ok
friedman1,3,23,28,-0.031235171545286693,0.11890924633772605,0.22278874893931186,0.031235171545286693,nan,3.162554680879029,0.39285714285714285,False,ok
friedman1,3,27,53,0.008267552490725114,0.12392547200410259,0.2039250055363995,0.008267552490725114,nan,2.836595291585124,0.4716981132075472,False,ok
friedman1,3,28,50,0.013831244858878523,0.13546946484627906,-0.04045138692773808,0.013831244858878523,nan,-3.849916676232863,0.22,False,ok
friedman1,3,30,30,-0.0210605187858602,0.14148757584915442,-0.10939267910545411,0.0210605187858602,nan,0.4942462888922641,0.3333333333333333,False,ok
friedman1,3,32,31,0.01613521001987482,0.1387567602608776,-0.2520877034222282,0.01613521001987482,nan,-1.0784791865172496,0.3548387096774194,False,ok
friedman1,3,34,42,0.020703705591663856,0.13956197080961907,-0.15633668509720008,0.020703705591663856,nan,-5.863468791924028,0.07142857142857142,False,ok
friedman1,3,35,31,0.01132744813735422,0.1286657340155938,1.3805589481914289,0.01132744813735422,nan,-0.9074259872484808,0.25806451612903225,False,ok
friedman1,3,36,31,-0.016844518346153647,0.11751429833528634,-0.008706007954333336,0.016844518346153647,nan,1.6781116348799083,0.3225806451612903,False,ok
friedman1,3,37,28,-0.02848828276949773,0.12318488020689178,0.1466981109632351,0.02848828276949773,nan,-0.28135146706384073,0.32142857142857145,False,ok
friedman1,3,39,39,0.006139887648555924,0.1693072361692724,0.5231713599390064,0.006139887648555924,nan,-1.7975442903480086,0.20512820512820512,False,ok
friedman1,3,40,42,-0.009121441564965579,0.1667492680328922,-1.027970747359711,0.009121441564965579,nan,-3.0902349619466767,0.21428571428571427,False,ok
friedman1,3,41,31,-0.003683013462106233,0.12902894021502626,0.10753192084290407,0.003683013462106233,nan,-1.4558934632828706,0.3870967741935484,False,ok
friedman1,3,42,28,0.008514354236922988,0.1316599055694463,-0.31269004236341025,0.008514354236922988,nan,-6.695135177742964,0.07142857142857142,False,ok
friedman1,3,43,28,0.004022594942193621,0.13830021995172992,-0.3331652937016216,0.004022594942193621,nan,-2.303757210938728,0.32142857142857145,False,ok
friedman1,3,44,28,0.016467787214049536,0.16328443063445452,0.1438619113230078,0.016467787214049536,nan,-5.871404489557407,0.14285714285714285,False,ok
friedman1,4,2,47,0.07146265407588713,0.15701489883945058,1.1775816963471555,0.07146265407588713,nan,2.3625197803051523,0.40425531914893614,False,ok
friedman1,4,5,44,-0.035599713593400535,0.14530939208571758,-0.3284053686814998,0.035599713593400535,nan,4.4165685157685255,0.5,False,ok
friedman1,4,7,50,-0.021137324508380656,0.13340127977550917,0.5385383554099653,0.021137324508380656,nan,0.2633088515702303,0.32,False,ok
friedman1,4,10,41,0.07249528354522802,0.1222551604025998,0.07032429336254768,0.07249528354522802,nan,2.4922293975823626,0.43902439024390244,False,ok
friedman1,4,13,47,0.004959079998559456,0.14012834843727037,1.246524501609568,0.004959079998559456,nan,-0.4123965497759102,0.3404255319148936,False,ok
friedman1,4,14,33,0.02684092075168139,0.1498150881294903,-0.013343086051621897,0.02684092075168139,nan,9.591427681089451,0.6060606060606061,False,ok
friedman1,4,21,29,-0.01824229976976543,0.13241737321244954,0.545526813493825,0.01824229976976543,nan,-2.7822511705651602,0.3448275862068966,False,ok
friedman1,4,22,34,-0.015685439159915375,0.23273376775543372,-2.287685598155961,0.015685439159915375,nan,2.1178404600280354,0.4411764705882353,False,ok
friedman1,4,23,47,-0.012292427001285952,0.13712231508191636,-0.028505668486234554,0.012292427001285952,nan,0.33689083489272237,0.2765957446808511,False,ok
friedman1,4,25,55,-0.02318488112874991,0.12843645790411698,-0.07813572385665718,0.02318488112874991,nan,0.7056322145954984,0.41818181818181815,False,ok
friedman1,4,27,49,0.03550458916626923,0.21763489202033046,-0.5160506012284509,0.03550458916626923,nan,-1.3443998843945804,0.2653061224489796,False,ok
friedman1,4,31,31,0.011303589658749945,0.17548068091714814,0.5475317387457674,0.011303589658749945,nan,-0.26306026451343134,0.3870967741935484,False,ok
friedman1,4,32,29,0.0005846358434142408,0.1441363845333507,-0.20035587903556779,0.0005846358434142408,nan,1.7229441645275574,0.3103448275862069,False,ok
friedman1,4,33,28,0.024656748564312197,0.17018516329019828,-0.6156070540065235,0.024656748564312197,nan,4.055167649244947,0.5,False,ok
friedman1,4,34,32,-0.023506997510432046,0.13670580637440358,0.10656999039106825,0.023506997510432046,nan,-0.9631184259967336,0.375,False,ok
friedman1,4,35,28,-0.0005373600308100515,0.12602590595834498,0.07273401448791357,0.0005373600308100515,nan,-1.4315008504529823,0.39285714285714285,False,ok
friedman1,4,36,33,0.009393338194892782,0.1983144531112178,-1.9899648691582221,0.009393338194892782,nan,-4.779665600716697,0.18181818181818182,False,ok
friedman1,4,37,51,0.001682745958074456,0.11737692501697636,-0.143650742367983,0.001682745958074456,nan,-4.21167828011829,0.21568627450980393,False,ok
friedman1,4,38,28,0.0379915258990166,0.1206277746937706,0.11187035451348432,0.0379915258990166,nan,-6.6923833531722865,0.14285714285714285,False,ok
friedman1,4,39,35,-0.08606988338910851,0.21051658268209036,-0.020147885218390015,0.08606988338910851,nan,-2.9664306401805285,0.22857142857142856,False,ok
friedman1,4,40,29,-0.028998780724629882,0.1329309619480672,0.052281409800350905,0.028998780724629882,nan,-3.7700340201766505,0.10344827586206896,False,ok
friedman2,0,4,52,0.0026929906749288113,0.02780230100392838,-0.16828495362255533,0.0026929906749288113,nan,3.816174252389003,0.6538461538461539,False,ok
friedman2,0,5,49,0.0028795628185465626,0.022454288150483177,-0.747128964821915,0.0028795628185465626,nan,-2.727171827576387,0.14285714285714285,False,ok
friedman2,0,6,30,0.0004908098831408359,0.029912584884685126,-0.18140688854447262,0.0004908098831408359,nan,-1.1495912859508481,0.26666666666666666,False,ok
friedman2,0,15,44,-0.0030065236464772386,0.01683778783751481,-0.3540155369731763,0.0030065236464772386,nan,9.82634813889917,1.0,True,ok
friedman2,0,16,40,-0.0004847156869494065,0.014014636166384074,0.6600583177653829,0.0004847156869494065,nan,0.7060111608072763,0.575,False,ok
friedman2,0,17,55,0.004895668439274073,0.034633919874791634,0.18366112690467007,0.004895668439274073,nan,0.7410022457801312,0.5272727272727272,False,ok
friedman2,0,19,45,0.0005262324933241586,0.01567189020080025,-0.50943691461371,0.0005262324933241586,nan,0.6995004553624127,0.5555555555555556,False,ok
friedman2,0,20,34,-0.0029774046456923237,0.013263898932628675,-0.4803152638465899,0.0029774046456923237,nan,-3.586076493167976,0.0,True,ok
friedman2,0,21,30,0.003558703937452105,0.030442301774135823,0.07325026294491993,0.003558703937452105,nan,-1.8452586967990747,0.16666666666666666,False,ok
friedman2,0,22,48,-0.00029477287406608904,0.025099935428207584,0.10620907540919827,0.00029477287406608904,nan,2.7552496504612365,0.7291666666666666,False,ok
friedman2,0,27,29,0.006737271479494265,0.02250631657537816,-0.6698815400161701,0.006737271479494265,nan,1.6080088372239683,0.5862068965517241,False,ok
friedman2,0,28,29,0.00027557934953629734,0.02111482618436249,0.7710318686195732,0.00027557934953629734,nan,-2.1361415813574745,0.0,True,ok
friedman2,0,31,34,4.775871278586839e-05,0.03253663768960723,0.09444535460072952,4.775871278586839e-05,nan,2.101529909045217,0.6470588235294118,False,ok
friedman2,0,32,32,0.00037076575888502893,0.029398416511834193,0.37646323509258517,0.00037076575888502893,nan,-2.798091602375373,0.0625,False,ok
friedman2,0,33,38,0.0030436094033930144,0.024464446965973944,0.27389484294094074,0.0030436094033930144,nan,-0.3507213798431602,0.42105263157894735,False,ok
friedman2,0,34,30,-0.012468362719357065,0.04222164984126031,-0.3058215405387088,0.012468362719357065,nan,-1.6155855173111395,0.23333333333333334,False,ok
friedman2,0,35,34,0.004318802949587337,0.03324518906856175,-0.2147624864678227,0.004318802949587337,nan,-2.9375315630449936,0.029411764705882353,True,ok
friedman2,0,36,44,9.993185588265428e-05,0.024981538635636402,-0.5627077350285519,9.993185588265428e-05,nan,-0.9060234159045568,0.25,False,ok
friedman2,0,38,32,0.005380428764726032,0.025507518718519005,0.15233781238692243,0.005380428764726032,nan,-1.6553393377394567,0.28125,False,ok
friedman2,0,39,36,-0.00168851100261774,0.02212113194780305,0.5233586371258903,0.00168851100261774,nan,-2.61030396953269,0.1111111111111111,False,ok
friedman2,0,40,35,-0.0030664122393111106,0.026021693486475997,-1.048009523464434,0.0030664122393111106,nan,-3.8280564064587694,0.0,True,ok
friedman2,1,6,53,-0.0005293687288286836,0.027534898905359016,0.18002069828411865,0.0005293687288286836,nan,3.497442870467407,0.6037735849056604,False,ok
friedman2,1,11,41,-0.0037804547762921546,0.014688218147895664,-0.053317060159184713,0.0037804547762921546,nan,10.237264725008808,1.0,True,ok
friedman2,1,12,30,0.000961236813160334,0.01840480547266653,-0.664883532352631,0.000961236813160334,nan,0.6032520670346578,0.5333333333333333,False,ok
friedman2,1,14,32,-0.008532944950723063,0.03413366184788852,-0.4258242766722354,0.008532944950723063,nan,-1.2547789009560593,0.25,False,ok
friedman2,1,17,45,0.0021343560207666332,0.03182414878056052,-0.2954178694733528,0.0021343560207666332,nan,-0.5281323068003305,0.3333333333333333,False,ok
friedman2,1,18,49,0.008736805790345841,0.03800810090103772,-0.21856251277203892,0.008736805790345841,nan,0.8583495983101977,0.5102040816326531,False,ok
friedman2,1,21,32,-0.00024673358835224785,0.015579936523708964,0.07454366981553695,0.00024673358835224785,nan,2.559912052107485,0.5625,False,ok
friedman2,1,22,44,0.002369324280561913,0.018771018534667144,-0.0792777508037653,0.002369324280561913,nan,-3.0743738356567603,0.11363636363636363,False,ok
friedman2,1,23,40,0.0019093888864623362,0.04407369897334914,0.22445446199580704,0.0019093888864623362,nan,-2.2200120948165476,0.125,False,ok
friedman2,1,25,30,0.01764162047190124,0.04414530813952587,0.37342684732096504,0.01764162047190124,nan,-1.2134199168116122,0.3333333333333333,False,ok
friedman2,1,26,30,0.006091754746801015,0.03210518462317463,-0.6585244715314504,0.006091754746801015,nan,5.949808779286229,1.0,True,ok
friedman2,1,27,38,0.001018883315432903,0.01963544978297435,-0.09726677893915675,0.001018883315432903,nan,0.6901198581900847,0.5526315789473685,False,ok
friedman2,1,28,44,0.003234969409320419,0.01759693961174091,-0.39346978558237333,0.003234969409320419,nan,-3.173502478690968,0.06818181818181818,False,ok
friedman2,1,29,51,-0.00203658439103381,0.0260441351167511,0.13440113112643276,0.00203658439103381,nan,-1.5886164318311624,0.23529411764705882,False,ok
friedman2,1,30,54,-0.0005239079262453763,0.020868241175938294,0.4264225405724487,0.0005239079262453763,nan,-3.6190380672429643,0.05555555555555555,False,ok
friedman2,1,33,46,-0.008659861547032986,0.026521566228734632,-0.4972631054384794,0.008659861547032986,nan,-2.7734349022643254,0.10869565217391304,False,ok
friedman2,1,34,35,0.004192163279266335,0.029724545170366837,0.17461623622564024,0.004192163279266335,nan,-1.6496329689242943,0.2571428571428571,False,ok
friedman2,1,36,44,-0.01360941313731661,0.027452865406875155,0.03459218668834372,0.01360941313731661,nan,-1.1145916913205964,0.29545454545454547,False,ok
friedman2,1,37,34,0.005180332632637303,0.019574659766263124,0.10054761562610624,0.005180332632637303,nan,0.9116501831212513,0.6176470588235294,False,ok
friedman2,1,38,28,-0.0007663745969310702,0.022924596912689096,-0.11622524528589856,0.0007663745969310702,nan,-1.6111168109488738,0.07142857142857142,False,ok
friedman2,2,3,28,-0.008136827258067695,0.026471573263154517,0.59477574681196,0.008136827258067695,nan,-1.4565212719369236,0.21428571428571427,False,ok
friedman2,2,4,29,0.005633696367449948,0.026823308086190788,-0.03354042111600003,0.005633696367449948,nan,3.5635196193535057,0.6206896551724138,False,ok
friedman2,2,13,47,-0.003169602679023858,0.015188972193366944,-0.28965809542676957,0.003169602679023858,nan,9.935210300376884,1.0,True,ok
friedman2,2,14,37,-2.8081259042101203e-05,0.014003490787062756,-0.09635898120682473,2.8081259042101203e-05,nan,0.7736375010039357,0.5945945945945946,False,ok
friedman2,2,16,28,-0.008306925191911388,0.030849483790253162,0.1458410623875347,0.008306925191911388,nan,3.2839884470721152,0.6785714285714286,False,ok
friedman2,2,20,29,0.020403666138296434,0.03015962442154297,0.41440528882434696,0.020403666138296434,nan,0.1836562589566885,0.3793103448275862,False,ok
friedman2,2,21,41,-0.00918552012824471,0.030071876774172848,-0.3699924475989076,0.00918552012824471,nan,0.14416898910845194,0.4634146341463415,False,ok
friedman2,2,22,29,0.008494715277145641,0.03779772680116724,-0.19678825005349387,0.008494715277145641,nan,1.199466050108381,0.5172413793103449,False,ok
friedman2,2,23,40,0.00033826538760420576,0.014865703702241311,-0.7560398003256035,0.00033826538760420576,nan,0.5820420305695785,0.55,False,ok
friedman2,2,24,34,-0.0023219781529974144,0.017355730793896275,-0.23480483936325067,0.0023219781529974144,nan,-3.8684514287253013,0.0,True,ok
friedman2,2,27,28,0.0030486977365131057,0.017386317536022766,-0.022198186073541064,0.0030486977365131057,nan,3.076079912080825,0.75,False,ok
friedman2,2,28,28,0.0007855035954675274,0.017056681208395184,0.09021645887786132,0.0007855035954675274,nan,-2.1945306172318433,0.10714285714285714,False,ok
friedman2,2,29,28,0.008809747514491059,0.030092085066674386,0.24563368945265654,0.008809747514491059,nan,-2.256735269092044,0.17857142857142858,False,ok
friedman2,2,30,32,0.0016639621482484566,0.029760570170662623,0.03867063740389291,0.0016639621482484566,nan,3.5423848197028454,0.75,False,ok
friedman2,2,34,51,8.573834070550707e-05,0.02668690217492841,-0.32235642790115465,8.573834070550707e-05,nan,-3.7305460934621726,0.058823529411764705,False,ok
friedman2,2,35,28,0.007503291023954778,0.02602780704302061,0.2497767971729584,0.007503291023954778,nan,-0.29210447592995126,0.39285714285714285,False,ok
friedman2,2,36,30,-0.014200091017246726,0.03463609636167731,-0.5358391038210452,0.014200091017246726,nan,-1.0006456013131113,0.26666666666666666,False,ok
friedman2,2,38,52,0.0009695065104571715,0.029553364710232802,0.8654066330556776,0.0009695065104571715,nan,-2.342271578595643,0.057692307692307696,False,ok
friedman2,2,39,29,0.005331763822151993,0.023304249969542234,-0.530653571368653,0.005331763822151993,nan,2.0709493979558826,0.7241379310344828,False,ok
friedman2,2,40,30,0.0028026972392194713,0.024757951588706237,1.3641821279119837,0.0028026972392194713,nan,-2.2725114697516298,0.1,False,ok
friedman2,2,42,53,-0.006056804332878998,0.03742454805486635,-0.04262643881058631,0.006056804332878998,nan,-0.9974050923540863,0.32075471698113206,False,ok
friedman2,2,43,30,-0.0007036688232537854,0.021583709888130083,0.682647245511563,0.0007036688232537854,nan,-3.3346744248287954,0.1,False,ok
friedman2,2,44,39,-0.007335599686457838,0.025132538927584366,0.27444167215689097,0.007335599686457838,nan,-3.2201057076565256,0.05128205128205128,False,ok
friedman2,3,6,50,-0.0014947290629193156,0.025216295887830354,-0.21096371876474132,0.0014947290629193156,nan,3.1472061466744385,0.62,False,ok
friedman2,3,11,33,0.0013357658857455195,0.017198328353968777,0.3088321904218877,0.0013357658857455195,nan,10.751590415604355,1.0,True,ok
friedman2,3,12,29,-0.0035518225650717898,0.014821741073294469,-0.8627082953861132,0.0035518225650717898,nan,1.615858015340025,0.6206896551724138,False,ok
friedman2,3,14,43,-0.013550046238345752,0.03313860806285695,-0.8596850692813349,0.013550046238345752,nan,-1.2112686686288965,0.27906976744186046,False,ok
friedman2,3,15,32,0.0055261163872587105,0.03301071853460169,0.09699246626942289,0.0055261163872587105,nan,-2.8742689219793665,0.03125,True,ok
friedman2,3,17,43,0.004099998361998597,0.0291534795191082,-0.21415141204128635,0.004099998361998597,nan,-0.7280510162727453,0.3488372093023256,False,ok
friedman2,3,18,36,-0.0021396315206589278,0.027636083890667604,-0.1536068815206273,0.0021396315206589278,nan,5.863594003411817,1.0,True,ok
friedman2,3,19,28,-0.005260802725055033,0.01449327420142822,-0.17603194895333696,0.005260802725055033,nan,0.3579250984659548,0.32142857142857145,False,ok
friedman2,3,23,38,-0.0011606129740073551,0.02183451830322953,-0.12052632878257329,0.0011606129740073551,nan,-0.4331213730457997,0.3684210526315789,False,ok
friedman2,3,24,42,0.010515659550827613,0.03587891136482716,-0.3036126253511246,0.010515659550827613,nan,0.6387551308352796,0.5,False,ok
friedman2,3,27,34,0.003350617458583761,0.015830295732791842,-0.6624980028656189,0.003350617458583761,nan,2.633689579209614,0.7058823529411765,False,ok
friedman2,3,29,37,0.0033863810759415893,0.009231339920771922,-0.6442362279379407,0.0033863810759415893,nan,0.35690514118917505,0.5405405405405406,False,ok
friedman2,3,30,54,-0.0008833601410128636,0.01600093219670355,0.44519515198123827,0.0008833601410128636,nan,-1.9724082301713242,0.16666666666666666,False,ok
friedman2,3,32,50,-0.012453037274957866,0.03351470856784519,-0.12785169339675048,0.012453037274957866,nan,-0.8437204115600138,0.3,False,ok
friedman2,3,33,31,0.004301266468190786,0.02349267853590282,0.542188779128991,0.004301266468190786,nan,-1.711445800621086,0.1935483870967742,False,ok
friedman2,3,36,37,0.0021426290798018132,0.024135475216637156,0.42223913656503287,0.0021426290798018132,nan,-1.849049073500276,0.21621621621621623,False,ok
friedman2,3,37,36,0.00025419958336090405,0.02547435695538127,0.3990249760388561,0.00025419958336090405,nan,-2.3667355942395534,0.1388888888888889,False,ok
friedman2,3,38,28,-0.0031918409278516033,0.026449705262227344,-0.1547223001068099,0.0031918409278516033,nan,-4.540372736805308,0.0,True,ok
friedman2,3,39,28,-0.00693328185063941,0.01264472452408961,0.34474297930627634,0.00693328185063941,nan,-1.7678277859641487,0.21428571428571427,False,ok
friedman2,3,40,28,0.011096186602287835,0.0249553103772442,-0.552820416222146,0.011096186602287835,nan,-1.1112109705091808,0.21428571428571427,False,ok
friedman2,3,41,33,-0.005539432989367154,0.027495436367659224,0.09069049172655,0.005539432989367154,nan,-2.2574011796493685,0.15151515151515152,False,ok
friedman2,3,42,30,0.006394685038159068,0.024822335780293175,-0.00962286539770576,0.006394685038159068,nan,-3.804959629179868,0.06666666666666667,False,ok
friedman2,4,3,35,-0.005559075892572158,0.024054971797755717,0.12016587185932641,0.005559075892572158,nan,-2.0537262694837657,0.17142857142857143,False,ok
friedman2,4,4,28,0.007942825105704179,0.023100158071301096,0.06123976612526128,0.007942825105704179,nan,5.194392081641495,0.7142857142857143,False,ok
friedman2,4,12,34,-0.002700489855070366,0.01810270972902089,0.4108989815442118,0.002700489855070366,nan,2.406388403352002,0.5588235294117647,False,ok
friedman2,4,14,39,0.0044496049797642075,0.011641949566108834,-0.3059099913674196,0.0044496049797642075,nan,-1.6919232773505883,0.28205128205128205,False,ok
friedman2,4,15,37,-0.005736919788399912,0.011567899841258248,-0.2560750697023536,0.005736919788399912,nan,9.109308749269069,1.0,True,ok
friedman2,4,16,30,0.007500814531384333,0.014392022840857348,-0.1494560589526546,0.007500814531384333,nan,0.8235550927860864,0.5666666666666667,False,ok
friedman2,4,18,54,0.007538923553182782,0.029886458788412545,-0.3430551515140272,0.007538923553182782,nan,0.5715976319928683,0.5,False,ok
friedman2,4,19,43,0.0033119751819209453,0.023729054464066392,0.20501918936984298,0.0033119751819209453,nan,-2.0539962751459444,0.18604651162790697,False,ok
friedman2,4,20,55,0.00402894637135973,0.031672266297697704,-0.09657871439000712,0.00402894637135973,nan,2.3695789748743974,0.6727272727272727,False,ok
friedman2,4,23,29,-0.003026292817531339,0.015250356425070903,-0.0907164661147407,0.003026292817531339,nan,3.730706971966772,0.7241379310344828,False,ok
friedman2,4,24,28,-0.00830819033414126,0.029375575223216287,-1.9057154022890501,0.00830819033414126,nan,-2.2158985615697424,0.17857142857142858,False,ok
friedman2,4,26,40,0.0034847238098527924,0.03603454791498668,0.06117145991435153,0.0034847238098527924,nan,-0.5359886837504625,0.45,False,ok
friedman2,4,27,53,0.0056772332482385715,0.02019547473930634,0.3300896230114366,0.0056772332482385715,nan,0.05113746883890283,0.3584905660377358,False,ok
friedman2,4,33,30,0.0024269304682667152,0.026216803881301754,0.7204852102914,0.0024269304682667152,nan,2.1559040537170464,0.7333333333333333,False,ok
friedman2,4,34,29,0.002446055407524685,0.019456721179063677,0.15477731836719089,0.002446055407524685,nan,-1.7508281329076756,0.1724137931034483,False,ok
friedman2,4,35,30,-0.0030085638991245206,0.02000491329467614,-0.045406027164203513,0.0030085638991245206,nan,-4.184224934752006,0.0,True,ok
friedman2,4,36,29,-0.0009554046779305828,0.027494274372862244,0.22791334923994955,0.0009554046779305828,nan,-2.4769287895962915,0.13793103448275862,False,ok
friedman2,4,38,28,-0.019023663450337024,0.03271241654011459,0.08753224101276456,0.019023663450337024,nan,-1.6499446524329533,0.2857142857142857,False,ok
friedman2,4,39,28,0.006811541072883199,0.02029884562155165,0.7069373152619083,0.006811541072883199,nan,-3.423601483115799,0.07142857142857142,False,ok
friedman2,4,41,31,0.006466116109900837,0.03238643840841992,0.1967499897786199,0.006466116109900837,nan,-2.710233994781448,0.0,True,ok
friedman2,4,42,33,-0.002169854914616937,0.02066800913167051,-0.13437079256974596,0.002169854914616937,nan,-1.6105106781497593,0.15151515151515152,False,ok
friedman2,4,43,29,-0.008501910775071446,0.023787547374169736,-0.06576206047006114,0.008501910775071446,nan,-3.154227555177482,0.06896551724137931,False,ok
friedman2,4,44,28,0.006967174653206156,0.022004892743174968,-0.4651334006250734,0.006967174653206156,nan,-1.2367644401545255,0.21428571428571427,False,ok
reg_sparse,0,3,53,0.027614138419310548,0.07397079963254845,0.7412652178358416,0.027614138419310548,nan,7.55450482502092,0.37735849056603776,False,ok
reg_sparse,0,4,69,0.025513401638927943,0.07251381680380328,0.17213777825219176,0.025513401638927943,nan,14.932099000041436,0.42028985507246375,False,ok
reg_sparse,0,5,41,-0.07055703855841305,0.08553071414715167,0.014925594261204793,0.07055703855841305,nan,7.611048020340673,0.36585365853658536,False,ok
reg_sparse,0,10,48,-0.018600289134645478,0.060867110439512255,-1.109426835666859,0.018600289134645478,nan,-1.601149908757413,0.3125,False,ok
reg_sparse,0,12,40,0.06597173733811248,0.07302506037884536,-0.02089860147206435,0.06597173733811248,nan,6.192614356953993,0.375,False,ok
reg_sparse,0,13,40,-0.06067270020660519,0.11992140384690891,-2.799215930551354,0.06067270020660519,nan,3.786187610226139,0.375,False,ok
reg_sparse,0,15,41,-0.01229430937844451,0.07219650533814655,0.14818783782973954,0.01229430937844451,nan,26.618128737295997,0.5365853658536586,False,ok
reg_sparse,0,16,40,-0.011568421404419453,0.05127431046987015,-0.26580402715812634,0.011568421404419453,nan,25.69458601187398,0.475,False,ok
reg_sparse,0,19,53,0.005327124244097051,0.06701957995631135,0.6767290276652885,0.005327124244097051,nan,-14.965813754752036,0.18867924528301888,False,ok
reg_sparse,0,23,70,-4.929084145429894e-05,0.07683208320245342,0.1970144894710712,4.929084145429894e-05,nan,16.93205216435039,0.44285714285714284,False,ok
reg_sparse,0,26,40,0.014659560181066494,0.06339418067299626,-0.03016881354959625,0.014659560181066494,nan,25.631160932053483,0.55,False,ok
reg_sparse,0,29,50,-0.006438062893357506,0.064850280790273,0.023944734542448692,0.006438062893357506,nan,11.072061667549715,0.5,False,ok
reg_sparse,0,30,47,0.007243689454716559,0.05637536614336003,-0.11944227937528205,0.007243689454716559,nan,-3.814314459653679,0.2978723404255319,False,ok
reg_sparse,0,33,62,0.010763568496807612,0.06303718165444208,-0.35488039665175863,0.010763568496807612,nan,-5.412275181443728,0.25806451612903225,False,ok
reg_sparse,0,36,44,-0.010317046126581244,0.06049033321384234,0.02859787194073782,0.010317046126581244,nan,16.040434112123886,0.5454545454545454,False,ok
reg_sparse,0,38,49,-0.0020168981093611487,0.12019230612353862,2.3493685598936924,0.0020168981093611487,nan,6.741361490973688,0.40816326530612246,False,ok
reg_sparse,0,39,60,-0.011793427817572389,0.06187183234993852,-0.13892077409352563,0.011793427817572389,nan,-11.296546609774357,0.18333333333333332,False,ok
reg_sparse,0,42,61,0.010007812905748977,0.06421487637568614,0.15413879053108456,0.010007812905748977,nan,4.9147419522535705,0.4262295081967213,False,ok
reg_sparse,0,43,44,-0.02703613488692528,0.06126960805040329,-0.0784945625162137,0.02703613488692528,nan,3.339521220188824,0.4090909090909091,False,ok
reg_sparse,0,45,60,0.00403541190846107,0.06647442573758583,0.4771499615552239,0.00403541190846107,nan,-6.66034562139809,0.25,False,ok
reg_sparse,0,46,46,0.007787738762148818,0.06644574270337912,-0.6781903502639078,0.007787738762148818,nan,12.77919689952672,0.45652173913043476,False,ok
reg_sparse,0,47,52,0.004901125556932883,0.05258839117627147,-0.07693262146454362,0.004901125556932883,nan,-0.525129714485274,0.3269230769230769,False,ok
reg_sparse,0,51,68,0.016622741606681122,0.061092774831173834,0.26896036528659745,0.016622741606681122,nan,-12.317837198386322,0.20588235294117646,False,ok
reg_sparse,0,52,51,0.004790381635218564,0.06308542173684163,-0.13651990405673103,0.004790381635218564,nan,-0.9849896353377852,0.35294117647058826,False,ok
reg_sparse,0,54,40,0.0034518759475771063,0.0609718404972793,0.10650625191965397,0.0034518759475771063,nan,1.9923518863669514,0.4,False,ok
reg_sparse,0,55,52,0.0006018380443965082,0.07918040221898931,0.20484430701303552,0.0006018380443965082,nan,4.013602513523291,0.34615384615384615,False,ok
reg_sparse,0,56,47,0.009020372908974734,0.06008659276926994,0.2712235238513346,0.009020372908974734,nan,-3.6302321072277945,0.3829787234042553,False,ok
reg_sparse,0,58,57,-0.011555811971149105,0.06540560578797397,-0.03092016508375967,0.011555811971149105,nan,-13.903347108647788,0.22807017543859648,False,ok
reg_sparse,0,59,42,0.009461757498717048,0.057095573537766786,0.33645046015085456,0.009461757498717048,nan,-13.851476243820859,0.19047619047619047,False,ok
reg_sparse,0,60,46,0.02467391366012598,0.07215222311170555,0.34633825733238904,0.02467391366012598,nan,-4.673147756806956,0.34782608695652173,False,ok
reg_sparse,0,61,47,-0.004070826705374531,0.06717421439867151,0.2282964697023662,0.004070826705374531,nan,3.4083375547230026,0.3829787234042553,False,ok
reg_sparse,0,62,40,-0.005274282474014931,0.05700095968321478,0.5058171563699575,0.005274282474014931,nan,-4.417034237007643,0.275,False,ok
reg_sparse,1,3,50,0.03335231253897235,0.09745329382660987,0.013540706346239259,0.03335231253897235,nan,-2.7857887649461075,0.34,False,ok
reg_sparse,1,4,60,0.05385613176704127,0.10001893926460372,0.6378066466342706,0.05385613176704127,nan,11.236477537265975,0.43333333333333335,False,ok
reg_sparse,1,5,50,-0.10253835260057909,0.11700609480280934,-1.7494626064710324,0.10253835260057909,nan,1.4978115461038828,0.36,False,ok
reg_sparse,1,8,41,0.09832315826282563,0.09505860588242886,1.8618213184948753,0.09832315826282563,nan,5.984238290866214,0.3902439024390244,False,ok
reg_sparse,1,11,74,-0.04074470498573827,0.08308854375468067,-1.2969587117161934,0.04074470498573827,nan,9.0406617628406,0.43243243243243246,False,ok
reg_sparse,1,17,53,-0.005476377113608534,0.0927329480088071,-0.5798167504318403,0.005476377113608534,nan,-5.926600820767229,0.24528301886792453,False,ok
reg_sparse,1,22,41,0.022012099719174543,0.08569668173225892,-0.09430002414466694,0.022012099719174543,nan,22.415696917377325,0.5609756097560976,False,ok
reg_sparse,1,23,66,0.004847446457394134,0.08682415072707794,-1.2162226972645114,0.004847446457394134,nan,4.197111918469342,0.4393939393939394,False,ok
reg_sparse,1,24,41,0.003392286535629407,0.056153763828435226,-0.24792014085071615,0.003392286535629407,nan,9.763344138693457,0.5365853658536586,False,ok
reg_sparse,1,27,56,0.0069217931480047585,0.08477781912947463,-0.12401536021680509,0.0069217931480047585,nan,14.863917224275799,0.4107142857142857,False,ok
reg_sparse,1,28,68,0.010267454135742411,0.07655468017569891,-0.07481358528261522,0.010267454135742411,nan,-4.2397026820006545,0.23529411764705882,False,ok
reg_sparse,1,31,40,-0.01824828177546499,0.08328594056662288,0.7414507873322941,0.01824828177546499,nan,31.03875906027893,0.575,False,ok
reg_sparse,1,32,40,-0.008273684402885572,0.0692408154625385,-0.9834861121882105,0.008273684402885572,nan,6.515848446400031,0.5,False,ok
reg_sparse,1,34,41,-0.0029259557136882366,0.08504496809878272,-0.15532400577754227,0.0029259557136882366,nan,-12.684010176989512,0.1951219512195122,False,ok
reg_sparse,1,35,48,-0.019574060505449565,0.08964650470324734,0.05446229147710116,0.019574060505449565,nan,18.420863230475206,0.3958333333333333,False,ok
reg_sparse,1,36,78,0.01921821383954572,0.0674107859235085,-0.5166161200499818,0.01921821383954572,nan,3.0597973855224403,0.34615384615384615,False,ok
reg_sparse,1,37,50,-0.0173520171569032,0.06103959264386781,0.09780430253662066,0.0173520171569032,nan,4.334617264684756,0.34,False,ok
reg_sparse,1,38,45,0.006108648514463291,0.06386403068888839,0.005381696811808498,0.006108648514463291,nan,-3.529295047261717,0.35555555555555557,False,ok
reg_sparse,1,42,43,0.011582596815246711,0.08165327300549512,0.774230987148477,0.011582596815246711,nan,-17.673826539060105,0.11627906976744186,False,ok
reg_sparse,1,43,66,-0.03273667047549053,0.08517080272097106,-0.46715496001691514,0.03273667047549053,nan,3.9152357971285854,0.4090909090909091,False,ok
reg_sparse,1,45,47,0.009033967159746775,0.0558119617088574,-0.6784581139377722,0.009033967159746775,nan,-18.429887430774784,0.06382978723404255,False,ok
reg_sparse,1,46,53,0.006719213893320914,0.07325410865113134,-0.4348749333826967,0.006719213893320914,nan,-2.2578648860597834,0.41509433962264153,False,ok
reg_sparse,1,48,67,0.0021770011663784328,0.0754656280307047,-0.1357885852369032,0.0021770011663784328,nan,6.446119583266683,0.417910447761194,False,ok
reg_sparse,1,49,53,-0.0007446263526368535,0.08072913142874504,-0.17191224659574142,0.0007446263526368535,nan,-7.703938540769827,0.33962264150943394,False,ok
reg_sparse,1,50,53,-0.009474432207022696,0.07959438218485074,0.42765019335319626,0.009474432207022696,nan,-9.247103700450104,0.20754716981132076,False,ok
reg_sparse,1,53,60,0.00530672473031,0.09376392410547656,0.3255477731264955,0.00530672473031,nan,9.364702619282612,0.4,False,ok
reg_sparse,1,55,63,-0.011218860945401954,0.07621124186479616,-0.06997978404209057,0.011218860945401954,nan,-4.785702399067725,0.30158730158730157,False,ok
reg_sparse,1,56,70,0.00674091284692038,0.07458902954115228,0.1157673018359696,0.00674091284692038,nan,-15.654092224306224,0.14285714285714285,False,ok
reg_sparse,1,57,43,-0.003007041486343545,0.0814434346055912,-0.4356803382680612,0.003007041486343545,nan,-5.03135306815769,0.3023255813953488,False,ok
reg_sparse,1,58,40,0.006943978763635767,0.07137505813025284,-0.3660291439922523,0.006943978763635767,nan,-13.327931961014292,0.1,False,ok
reg_sparse,2,3,57,0.031746775774061174,0.10255370004670489,0.7003055753492591,0.031746775774061174,nan,3.3179199863979165,0.3508771929824561,False,ok
reg_sparse,2,4,62,0.04344460290788095,0.16835734837462912,5.225770652871445,0.04344460290788095,nan,15.586577194534666,0.43548387096774194,False,ok
reg_sparse,2,7,40,-0.05460182050567319,0.09895320546752907,-2.129366091173345,0.05460182050567319,nan,6.019829626354788,0.325,False,ok
reg_sparse,2,10,44,0.07384895644588668,0.08725897566161686,0.1573901776590638,0.07384895644588668,nan,2.181326096117809,0.38636363636363635,False,ok
reg_sparse,2,11,75,-0.01434313653742608,0.06846557436538794,1.2375826458690506,0.01434313653742608,nan,10.148496447163007,0.41333333333333333,False,ok
reg_sparse,2,14,70,-0.01557614170567847,0.07056769425020014,-0.11898191718098686,0.01557614170567847,nan,-4.9065445803334065,0.22857142857142856,False,ok
reg_sparse,2,15,40,-0.03996120387562898,0.07020010532540598,0.39489410032443006,0.03996120387562898,nan,9.398368355807516,0.55,False,ok
reg_sparse,2,16,47,-0.026431966599798056,0.05387916818973122,0.961080520628777,0.026431966599798056,nan,0.7865777343015687,0.3617021276595745,False,ok
reg_sparse,2,20,40,-0.002032545592606154,0.08509279308842735,-0.4917253867529048,0.002032545592606154,nan,31.95433251179852,0.5,False,ok
reg_sparse,2,25,69,-0.004101557377111612,0.07269893202023023,-0.3954500715951903,0.004101557377111612,nan,30.71783195974974,0.6086956521739131,False,ok
reg_sparse,2,28,75,0.011557628830806504,0.07002013623412838,0.41122081745872247,0.011557628830806504,nan,-11.687946492856184,0.26666666666666666,False,ok
reg_sparse,2,30,70,0.013509557001854015,0.07646252971016353,-0.15557458342340913,0.013509557001854015,nan,-10.123216795307775,0.21428571428571427,False,ok
reg_sparse,2,32,44,-0.004453412195112376,0.06636118348925713,0.3870494506328227,0.004453412195112376,nan,-5.778671714237188,0.3181818181818182,False,ok
reg_sparse,2,33,43,-0.010508648519532603,0.0778890858138009,-0.33242991426246987,0.010508648519532603,nan,17.09053685295927,0.46511627906976744,False,ok
reg_sparse,2,35,78,0.0026751312387798074,0.09035758661672892,0.3960467353274249,0.0026751312387798074,nan,3.753333446868563,0.3076923076923077,False,ok
reg_sparse,2,36,47,-0.0037624865742020308,0.08797859059561758,0.4900511705968644,0.0037624865742020308,nan,-13.407562868464366,0.14893617021276595,False,ok
reg_sparse,2,39,49,-0.006872661946978574,0.06748913238339592,-0.0024165955566580162,0.006872661946978574,nan,20.206581973403246,0.6122448979591837,False,ok
reg_sparse,2,40,44,0.0073896507482371886,0.07195356257704039,0.1523150000287496,0.0073896507482371886,nan,1.7321878806605797,0.3409090909090909,False,ok
reg_sparse,2,41,41,0.011208757544740678,0.06433131106357062,0.3097414469958698,0.011208757544740678,nan,3.028560064241652,0.3902439024390244,False,ok
reg_sparse,2,42,50,-0.0003498581442452967,0.06885285678448057,-0.6660211220693671,0.0003498581442452967,nan,-4.962117423016133,0.24,False,ok
reg_sparse,2,43,66,0.007884192972640994,0.07303945681536307,0.20669957360824476,0.007884192972640994,nan,-3.7907727956211126,0.3333333333333333,False,ok
reg_sparse,2,44,44,0.02618622350804961,0.0748308219754246,1.1260431995290265,0.02618622350804961,nan,3.8375318121917825,0.5227272727272727,False,ok
reg_sparse,2,45,60,0.005113208284195281,0.06245763514276654,-0.5101673009174508,0.005113208284195281,nan,-13.246099386980188,0.2,False,ok
reg_sparse,2,49,43,0.0001439791913124389,0.082215811005142,0.5289042881321622,0.0001439791913124389,nan,20.94948824095182,0.5813953488372093,False,ok
reg_sparse,2,51,54,-0.0038892223284502886,0.05699250664321398,-0.2068518620106892,0.0038892223284502886,nan,-8.312383593368638,0.2222222222222222,False,ok
reg_sparse,2,52,48,0.017498919180822477,0.07745659297419465,0.5150132707628607,0.017498919180822477,nan,-1.1144085789668836,0.22916666666666666,False,ok
reg_sparse,2,53,59,-0.012653860831263632,0.07174706812856414,-0.0390875568846262,0.012653860831263632,nan,-3.139655761203093,0.288135593220339,False,ok
reg_sparse,2,55,78,0.005137589871729546,0.08425129088003205,0.7802132580123945,0.005137589871729546,nan,-11.32519795162233,0.24358974358974358,False,ok
reg_sparse,2,56,63,-0.010435949840806149,0.07812111624202009,-0.010625502728578146,0.010435949840806149,nan,-5.862907516712061,0.2857142857142857,False,ok
reg_sparse,3,3,43,0.04055555278198594,0.10171635499350484,0.7837788996704769,0.04055555278198594,nan,7.092796539750094,0.32558139534883723,False,ok
reg_sparse,3,4,57,0.01711621001625069,0.0987932714610791,1.3941806741278826,0.01711621001625069,nan,17.121272760479577,0.40350877192982454,False,ok
reg_sparse,3,5,46,-0.06924764754747352,0.111458323586318,-1.9835256923969393,0.06924764754747352,nan,1.4472454881762453,0.34782608695652173,False,ok
reg_sparse,3,8,47,0.04720649194187053,0.07400101812097697,-0.3873804530229126,0.04720649194187053,nan,9.193343689667207,0.40425531914893614,False,ok
reg_sparse,3,9,43,-0.05324072889976155,0.0853423338941729,-0.6837568843711217,0.05324072889976155,nan,8.652489300779092,0.3953488372093023,False,ok
reg_sparse,3,13,46,-0.04877268659398317,0.06479269013042979,-0.14446451538455832,0.04877268659398317,nan,26.759327347860086,0.5869565217391305,False,ok
reg_sparse,3,15,60,-0.04100603376138882,0.07808750550716848,-0.4666767277933872,0.04100603376138882,nan,6.88649030172484,0.43333333333333335,False,ok
reg_sparse,3,20,45,0.035423512696678636,0.04636523136825084,1.1633951200381254,0.035423512696678636,nan,8.243927336354892,0.4222222222222222,False,ok
reg_sparse,3,27,57,0.012950563879889222,0.06873235906716803,0.8015218451499765,0.012950563879889222,nan,19.902438903217845,0.43859649122807015,False,ok
reg_sparse,3,30,45,0.03595114657902081,0.0747474906878871,0.6585115061046847,0.03595114657902081,nan,11.719790370496932,0.5777777777777777,False,ok
reg_sparse,3,31,61,-0.0254201406233749,0.056953301057829885,0.4833519979972499,0.0254201406233749,nan,14.184875107497206,0.45901639344262296,False,ok
reg_sparse,3,32,43,0.02156917666069254,0.09199376587018492,-0.19476270098776285,0.02156917666069254,nan,3.9862113509721393,0.37209302325581395,False,ok
reg_sparse,3,34,62,0.015284072330964927,0.06204357546310822,-0.2552753752522121,0.015284072330964927,nan,-13.651472259718052,0.16129032258064516,False,ok
reg_sparse,3,35,40,-0.027979468177330807,0.0663373102648867,-0.25946486093541987,0.027979468177330807,nan,15.736212276821249,0.475,False,ok
reg_sparse,3,36,61,0.006307763411803944,0.06552922731314156,0.44083781296111296,0.006307763411803944,nan,-6.493155371497177,0.3114754098360656,False,ok
reg_sparse,3,39,63,-0.0014529226242281292,0.07527583748187187,1.0885439105544545,0.0014529226242281292,nan,-5.009818578156204,0.31746031746031744,False,ok
reg_sparse,3,40,51,-0.006927911490729906,0.08516366601063934,-2.050864783598594,0.006927911490729906,nan,9.961087310491344,0.43137254901960786,False,ok
reg_sparse,3,41,46,-0.02486588012706534,0.06144214301913225,0.4839808290089781,0.02486588012706534,nan,3.8532190247263456,0.391304347826087,False,ok
reg_sparse,3,43,46,0.02168393968203843,0.056482415814532345,0.0019293898205348116,0.02168393968203843,nan,-9.172127213540884,0.2826086956521739,False,ok
reg_sparse,3,44,40,0.030485845501223803,0.06877835297254137,0.10251653016241714,0.030485845501223803,nan,-3.2696646242777305,0.35,False,ok
reg_sparse,3,47,47,0.01819161076032432,0.05268520341883673,0.6944373700893899,0.01819161076032432,nan,-5.611062075070438,0.2765957446808511,False,ok
reg_sparse,3,48,40,0.014260612093151695,0.08414390327774803,-0.1198623816853989,0.014260612093151695,nan,12.237133472720263,0.525,False,ok
reg_sparse,3,50,53,-0.005161922155012447,0.07092846527131302,-0.05262087994206191,0.005161922155012447,nan,1.2948697031458842,0.4528301886792453,False,ok
reg_sparse,3,54,48,-0.006902436870103075,0.06612825153818895,0.7332131832484895,0.006902436870103075,nan,-10.715001537160951,0.22916666666666666,False,ok
reg_sparse,3,55,48,0.0037347073299358485,0.08027900086028458,-0.5169919567760963,0.0037347073299358485,nan,-7.6873028223445345,0.3333333333333333,False,ok
reg_sparse,3,56,63,0.0030478695257849095,0.07172120438964324,-0.23302642581184957,0.0030478695257849095,nan,4.985352791410216,0.4126984126984127,False,ok
reg_sparse,3,57,47,-0.010405675935238622,0.07230057347372089,0.3190073757293971,0.010405675935238622,nan,-5.146579685014347,0.2553191489361702,False,ok
reg_sparse,3,58,47,0.00716413256461044,0.05946716806462279,0.01575547034608395,0.00716413256461044,nan,-19.04492771921777,0.0851063829787234,False,ok
reg_sparse,3,59,79,-0.0007356132227510869,0.05956389238926976,-0.3684103034595187,0.0007356132227510869,nan,-3.567534945960654,0.22784810126582278,False,ok
reg_sparse,3,60,41,-0.005414259769534593,0.05853813839547105,-0.3545896890186166,0.005414259769534593,nan,-16.38717038352707,0.0975609756097561,False,ok
reg_sparse,3,61,43,-0.011808057036689112,0.058459619055182474,0.04683623725054229,0.011808057036689112,nan,-9.804617731527237,0.3023255813953488,False,ok
reg_sparse,3,62,42,0.010004038363269855,0.05844750588774033,0.2732532514778788,0.010004038363269855,nan,-14.911377575815209,0.11904761904761904,False,ok
reg_sparse,4,3,53,0.040843769477054,0.07780819169455058,0.6858370548394881,0.040843769477054,nan,4.738415808698494,0.37735849056603776,False,ok
reg_sparse,4,4,56,0.029961883859133207,0.14635881510682736,4.382195789915416,0.029961883859133207,nan,15.715589896560285,0.42857142857142855,False,ok
reg_sparse,4,5,40,-0.034801681032711515,0.06356192299991029,-0.3160895633524404,0.034801681032711515,nan,-2.569493530335758,0.35,False,ok
reg_sparse,4,8,54,0.03708785736322123,0.06931739639639231,0.16769042432010167,0.03708785736322123,nan,5.622468722100409,0.3888888888888889,False,ok
reg_sparse,4,11,40,-0.013007911784637824,0.06511411427405901,-0.35977175704274206,0.013007911784637824,nan,29.339731795222697,0.45,False,ok
reg_sparse,4,12,44,-0.022332344097459586,0.06575142108131939,0.03728227778489858,0.022332344097459586,nan,-3.342936776451674,0.4318181818181818,False,ok
reg_sparse,4,17,55,-0.020770278751790716,0.07385736886815579,-1.029712276163276,0.020770278751790716,nan,17.729841267021943,0.4909090909090909,False,ok
reg_sparse,4,18,46,-0.0006977248058744563,0.05905387401127184,0.764720306635911,0.0006977248058744563,nan,6.0492644695161495,0.5,False,ok
reg_sparse,4,19,62,-0.021013267001375003,0.06810083225714257,-0.3041149885277632,0.021013267001375003,nan,12.817495153915564,0.4032258064516129,False,ok
reg_sparse,4,23,75,0.0019375590780022426,0.05773883773198022,-0.3039409603468775,0.0019375590780022426,nan,-2.4628473227644405,0.37333333333333335,False,ok
reg_sparse,4,24,42,0.04074790283859682,0.04510603917761849,0.700327458924149,0.04074790283859682,nan,16.84626104635569,0.47619047619047616,False,ok
reg_sparse,4,29,66,0.00021876171850228164,0.05489640513423731,-0.038574915652682784,0.00021876171850228164,nan,-12.954467256035676,0.16666666666666666,False,ok
reg_sparse,4,31,43,-0.00631074594970919,0.06252485906121256,0.362733314420777,0.00631074594970919,nan,3.230991439018031,0.20930232558139536,False,ok
reg_sparse,4,32,40,0.0055220979052393575,0.0632520086970912,0.07110094254663059,0.0055220979052393575,nan,32.514715833408175,0.5,False,ok
reg_sparse,4,33,57,-0.002530047184496329,0.06721272944731596,-0.7081977154611065,0.002530047184496329,nan,-4.143582555916792,0.3157894736842105,False,ok
reg_sparse,4,36,52,0.01692627228678486,0.06526940043624548,0.14902471509809392,0.01692627228678486,nan,4.147651103891156,0.4230769230769231,False,ok
reg_sparse,4,37,76,0.006351681753535295,0.06627468011797608,-0.138028091299029,0.006351681753535295,nan,-13.406013356439997,0.15789473684210525,False,ok
reg_sparse,4,40,60,0.01874003346165108,0.07853310205322026,1.6324944008791473,0.01874003346165108,nan,8.21064981522829,0.4166666666666667,False,ok
reg_sparse,4,42,49,-0.00426460262956104,0.06428901167955796,-0.903298693858032,0.00426460262956104,nan,-0.30882243420182787,0.3673469387755102,False,ok
reg_sparse,4,43,57,-0.008725041131390216,0.07911318732815467,-0.16755535307590783,0.008725041131390216,nan,-14.965538145399357,0.15789473684210525,False,ok
reg_sparse,4,44,58,0.0012272096649583093,0.07389412449124735,0.07374476421866455,0.0012272096649583093,nan,2.0724154801249215,0.3275862068965517,False,ok
reg_sparse,4,48,47,0.00022235921872876618,0.06513271383051275,-0.42328607951010777,0.00022235921872876618,nan,-15.561858270366661,0.19148936170212766,False,ok
reg_sparse,4,49,41,-0.0062078542088023,0.07185116155103384,-0.5121602963279364,0.0062078542088023,nan,-6.245980305272255,0.2682926829268293,False,ok
reg_sparse,4,50,52,0.009786359144100075,0.059568584714023924,0.31993234598438325,0.009786359144100075,nan,-6.219174076776931,0.28846153846153844,False,ok
reg_sparse,4,53,48,-0.009308810896819715,0.0523626421873608,-0.280956348548939,0.009308810896819715,nan,4.091213456345751,0.3333333333333333,False,ok
reg_sparse,4,55,49,-0.019121858136527163,0.06590821305158426,-0.6802952571063318,0.019121858136527163,nan,-13.026032048384756,0.1836734693877551,False,ok
reg_sparse,4,56,45,-0.006236490863888534,0.06117355908570527,-0.55247058514227,0.006236490863888534,nan,4.229076382113151,0.35555555555555557,False,ok
reg_sparse,4,57,62,-0.017590266132100924,0.057485793269603014,-0.004428536927273388,0.017590266132100924,nan,-3.136040543369116,0.3870967741935484,False,ok
reg_sparse,4,58,49,-0.003532543051193118,0.05102969263839662,0.1499774399612812,0.003532543051193118,nan,-8.029655629993043,0.24489795918367346,False,ok
reg_sparse,4,59,41,0.009448717693943483,0.062246521053484154,-0.02246586693629925,0.009448717693943483,nan,-16.05592694009653,0.14634146341463414,False,ok
reg_sparse,4,60,41,0.016835622008915436,0.06458335191844998,0.18880722041127818,0.016835622008915436,nan,-6.191499458703336,0.2926829268292683,False,ok
reg_large,0,2,74,0.030812433035452703,0.11275459596917092,2.755918377665768,0.030812433035452703,nan,8.183914818651527,0.47297297297297297,False,ok
reg_large,0,6,75,0.040491541820374705,0.08642507114802425,0.44955193489490963,0.040491541820374705,nan,8.437888220297973,0.4266666666666667,False,ok
reg_large,0,11,83,0.008984367396413385,0.077660746305665,-0.9416800684395912,0.008984367396413385,nan,18.73207281817132,0.5542168674698795,False,ok
reg_large,0,12,65,0.01127417650779717,0.09196785136921262,-0.8214125971403883,0.01127417650779717,nan,-1.441063392086099,0.35384615384615387,False,ok
reg_large,0,13,67,0.005684594713133152,0.07539144926155984,-0.7871085579067842,0.005684594713133152,nan,11.169559446292167,0.5671641791044776,False,ok
reg_large,0,14,92,-0.023432497143665586,0.07202775668970042,0.24719132678389905,0.023432497143665586,nan,-1.4216521435143457,0.25,False,ok
reg_large,0,16,97,0.02307674144862043,0.10685645144522392,0.5631108589361148,0.02307674144862043,nan,2.452778456275401,0.35051546391752575,False,ok
reg_large,0,20,109,-0.009000369181511956,0.07428326801438566,-0.12524740417763278,0.009000369181511956,nan,-4.635492419842377,0.3119266055045872,False,ok
reg_large,0,21,111,0.0046577153159334615,0.07659817211003826,-0.15818157518784415,0.0046577153159334615,nan,13.169550864859486,0.4954954954954955,False,ok
reg_large,0,26,125,0.001676960174013931,0.06626326961786765,-0.20568828396639535,0.001676960174013931,nan,7.466569911071614,0.432,False,ok
reg_large,0,28,69,-0.0017951325657751876,0.07389587805577004,0.15824122736246968,0.0017951325657751876,nan,4.172773795105444,0.4057971014492754,False,ok
reg_large,0,31,65,-0.010368105305005018,0.07693409757847276,0.00310339562592645,0.010368105305005018,nan,10.324828318790159,0.4461538461538462,False,ok
reg_large,0,32,69,0.0033539480875508752,0.06777690071781216,-0.7304613053185248,0.0033539480875508752,nan,-6.939495792309248,0.2318840579710145,False,ok
reg_large,0,37,104,0.011960205145211476,0.05866932335224944,-0.10765184725424065,0.011960205145211476,nan,-4.0364087339310135,0.27884615384615385,False,ok
reg_large,0,38,75,-0.008864988817014035,0.06772851793923812,-0.4716251573873952,0.008864988817014035,nan,16.253011533091513,0.5733333333333334,False,ok
reg_large,0,40,64,-0.011794011204985681,0.06579196703592381,0.01904980011526001,0.011794011204985681,nan,0.9256854413548711,0.421875,False,ok
reg_large,0,42,90,0.0030883368389204185,0.0586970048832216,-1.1870094408921485,0.0030883368389204185,nan,7.222648611293068,0.4222222222222222,False,ok
reg_large,0,44,65,0.0027445516597205586,0.08652480833482776,1.0462142527423575,0.0027445516597205586,nan,-1.0630259129307917,0.3230769230769231,False,ok
reg_large,0,45,92,-0.007042483289604442,0.0675509411105756,0.23837123842475177,0.007042483289604442,nan,-1.766266223110562,0.33695652173913043,False,ok
reg_large,0,46,112,-0.013534592343800847,0.07705595834946821,-0.6594823969709749,0.013534592343800847,nan,-6.607258304526661,0.24107142857142858,False,ok
reg_large,0,49,71,-0.01169297464961142,0.060610024989309896,-0.04679266763730954,0.01169297464961142,nan,6.935524764827668,0.4225352112676056,False,ok
reg_large,0,50,122,-0.002966182762153361,0.06415659500693774,0.1360193190165081,0.002966182762153361,nan,-3.8846281935302747,0.27049180327868855,False,ok
reg_large,0,55,96,0.0033244592885202213,0.05811739960176404,0.12928209719284134,0.0033244592885202213,nan,10.444999494872574,0.5520833333333334,False,ok
reg_large,0,56,67,-0.01346480489516263,0.06126800699211902,-0.07075489751635697,0.01346480489516263,nan,-5.491390903422638,0.29850746268656714,False,ok
reg_large,0,58,74,-0.0023917625044766033,0.056342371753797534,-0.16914953006742445,0.0023917625044766033,nan,0.14535276263849176,0.33783783783783783,False,ok
reg_large,0,59,68,0.004404247043689906,0.05939051053136743,-0.00495788309595709,0.004404247043689906,nan,-0.9350567008930938,0.3382352941176471,False,ok
reg_large,0,63,63,-0.006622034702092357,0.06356520306125954,0.6648489263053128,0.006622034702092357,nan,-6.7096149771643505,0.2222222222222222,False,ok
reg_large,0,64,122,0.003808197899011693,0.05857527360842682,-0.04728736013958825,0.003808197899011693,nan,4.798575112499398,0.45081967213114754,False,ok
reg_large,0,65,73,0.004585475922456294,0.06101389672312993,-0.2467538902162885,0.004585475922456294,nan,6.498458090328872,0.4931506849315068,False,ok
reg_large,0,66,70,-0.018108632190223746,0.08804126160166577,-1.9369619735052868,0.018108632190223746,nan,-2.9414440916224502,0.34285714285714286,False,ok
reg_large,0,67,83,-0.005661073078841048,0.05693154791497759,-0.3155515341086597,0.005661073078841048,nan,-10.757071020757056,0.08433734939759036,False,ok
reg_large,0,68,118,-0.003207304938890588,0.06654021165463493,-0.23768354286486204,0.003207304938890588,nan,-4.733770658252144,0.2966101694915254,False,ok
reg_large,0,71,73,0.007421785108448987,0.06700156841499434,-0.20874323443252285,0.007421785108448987,nan,-3.9078602560185605,0.2054794520547945,False,ok
reg_large,0,75,114,0.008348907379065544,0.06816586146888337,0.025286720723559912,0.008348907379065544,nan,-7.884199247923981,0.18421052631578946,False,ok
reg_large,0,76,89,-0.007602714718821344,0.055247190243791496,0.05660972738993648,0.007602714718821344,nan,1.2736956506315875,0.38202247191011235,False,ok
reg_large,0,78,66,0.007488508124452649,0.06354275862627042,0.2507317236877129,0.007488508124452649,nan,-3.115493346192695,0.2878787878787879,False,ok
reg_large,0,79,79,0.0033717666628979705,0.06167068911753579,0.420239032782986,0.0033717666628979705,nan,-0.42500311600477636,0.4177215189873418,False,ok
reg_large,0,81,101,-0.0033625738536290986,0.060132522141303664,0.006312790963659801,0.0033625738536290986,nan,-9.81170655441207,0.1485148514851485,False,ok
reg_large,0,83,76,-0.00012315421618862342,0.06932118689143173,-0.2288155845761549,0.00012315421618862342,nan,-3.0126139108252836,0.23684210526315788,False,ok
reg_large,0,84,125,-0.008417136750970607,0.05926291336055437,-0.010315356211879805,0.008417136750970607,nan,-7.542008750036696,0.176,False,ok
reg_large,0,85,68,0.011497957597887118,0.07697936766737752,0.20198727290188914,0.011497957597887118,nan,-8.678650676376938,0.22058823529411764,False,ok
reg_large,0,87,85,0.002660198938494506,0.06184150879882348,0.20445746347022867,0.002660198938494506,nan,-5.076127415999754,0.29411764705882354,False,ok
reg_large,0,88,63,0.004612966684558367,0.05182325390842799,0.20846316809859528,0.004612966684558367,nan,-1.1277357175447282,0.2857142857142857,False,ok
reg_large,0,89,63,0.0015007954171611377,0.0626792011513026,0.4658090890132086,0.0015007954171611377,nan,-5.320738786409738,0.30158730158730157,False,ok
reg_large,0,90,94,0.00378992585535212,0.05726542236042084,-0.34549918829265347,0.00378992585535212,nan,-8.18450522869703,0.1595744680851064,False,ok
reg_large,0,91,63,0.004148598271964579,0.06450916547846829,0.8093793846004622,0.004148598271964579,nan,-3.983563573906293,0.3492063492063492,False,ok
reg_large,0,92,111,0.0026029350431920413,0.05961428129238522,0.1633186506598253,0.0026029350431920413,nan,-6.590454865190898,0.26126126126126126,False,ok
reg_large,1,2,86,0.030056667216441332,0.11168845656201332,1.1991125121302002,0.030056667216441332,nan,8.339580152548715,0.46511627906976744,False,ok
reg_large,1,3,66,-0.014752845365262295,0.08661660660306425,-0.6239144844777419,0.014752845365262295,nan,7.681495359251162,0.36363636363636365,False,ok
reg_large,1,8,66,0.022987883776748465,0.0836622814407674,1.5150302197379577,0.022987883776748465,nan,8.10437814536296,0.4393939393939394,False,ok
reg_large,1,9,63,0.004050464899335004,0.07731651941744543,-0.40141552172073186,0.004050464899335004,nan,9.087468736680316,0.5079365079365079,False,ok
reg_large,1,10,92,-0.01838972561922373,0.06576587481377583,-0.066516395199846,0.01838972561922373,nan,-2.4077832759950013,0.25,False,ok
reg_large,1,12,97,0.022503002017354494,0.09172288983905086,0.8607435824158212,0.022503002017354494,nan,3.0845000602581063,0.3711340206185567,False,ok
reg_large,1,17,117,-0.0003318010805521225,0.07731054647207168,-0.06131690857504219,0.0003318010805521225,nan,13.639539095336547,0.48717948717948717,False,ok
reg_large,1,18,67,-0.02033775933456392,0.07062691467571278,0.08358177803644157,0.02033775933456392,nan,-2.6222482234964137,0.2835820895522388,False,ok
reg_large,1,21,89,0.009615128018088297,0.05895229547287244,-0.24261877196268053,0.009615128018088297,nan,-4.452418495789744,0.30337078651685395,False,ok
reg_large,1,22,103,0.0036256906279232815,0.07012221187620046,-0.11557928358568882,0.0036256906279232815,nan,5.7115864480940814,0.4563106796116505,False,ok
reg_large,1,23,110,-0.012424303494052345,0.0666602205213292,-0.2347392874271234,0.012424303494052345,nan,1.2104946457770551,0.35454545454545455,False,ok
reg_large,1,29,68,0.0016821220757740007,0.06794710864948678,1.058590419322998,0.0016821220757740007,nan,-7.414559444932256,0.25,False,ok
reg_large,1,33,86,-0.0030479206884614523,0.06297214270065152,0.06637189197342272,0.0030479206884614523,nan,3.7889825244123907,0.4418604651162791,False,ok
reg_large,1,34,86,0.03896519619774608,0.06581453651823738,0.29610203353980596,0.03896519619774608,nan,11.47126390335435,0.45348837209302323,False,ok
reg_large,1,35,75,-0.005062103989027804,0.06781102743900021,-0.4961225236738604,0.005062103989027804,nan,7.548544697533598,0.4666666666666667,False,ok
reg_large,1,36,83,0.0023057334391856903,0.06793870899094685,0.45084772143932295,0.0023057334391856903,nan,-4.873917183980088,0.2891566265060241,False,ok
reg_large,1,38,63,-0.009657392375946672,0.08339274247244657,0.5077258911291443,0.009657392375946672,nan,6.012883576136859,0.4126984126984127,False,ok
reg_large,1,41,91,0.012628422372328913,0.06098460970682278,-0.7275546753079376,0.012628422372328913,nan,8.795952242420283,0.5384615384615384,False,ok
reg_large,1,45,79,-0.007541205743128776,0.06349826436617993,-0.4683658120835533,0.007541205743128776,nan,11.095289107552953,0.5189873417721519,False,ok
reg_large,1,46,104,0.005810948937645485,0.060668881454977716,0.03465081497453667,0.005810948937645485,nan,-6.321653394093754,0.22115384615384615,False,ok
reg_large,1,51,70,-0.0141789936132617,0.06294651314105408,-0.10553680631577139,0.0141789936132617,nan,-4.6181133155807785,0.2714285714285714,False,ok
reg_large,1,52,65,0.005971576644658444,0.0682166183496618,-0.18056809446387065,0.005971576644658444,nan,8.454314626040334,0.4153846153846154,False,ok
reg_large,1,54,71,0.010818209892307315,0.07255017847012535,1.2021480915904046,0.010818209892307315,nan,2.4161411136260935,0.3380281690140845,False,ok
reg_large,1,57,109,0.00032203007754270127,0.0734311639165355,0.312858267559449,0.00032203007754270127,nan,-4.458009649199453,0.26605504587155965,False,ok
reg_large,1,58,68,-0.018060076748420542,0.059470312281656806,0.2114038940062306,0.018060076748420542,nan,6.2923945904078735,0.4264705882352941,False,ok
reg_large,1,66,77,-0.002435000591582207,0.0574967914859391,0.04541260346606868,0.002435000591582207,nan,-5.440844693176317,0.2597402597402597,False,ok
reg_large,1,67,91,0.012263271121973044,0.054536557534226746,0.1008782229708935,0.012263271121973044,nan,4.225744523888637,0.4945054945054945,False,ok
reg_large,1,68,66,-0.007663354557947048,0.06342301620589574,0.40151136809600807,0.007663354557947048,nan,-1.6119070401327935,0.2878787878787879,False,ok
reg_large,1,70,82,-0.007454015189829193,0.062212583122441344,0.4273923287853246,0.007454015189829193,nan,-5.298887101357702,0.2682926829268293,False,ok
reg_large,1,71,81,0.001546181386853271,0.057485314923030356,-0.1776666355650004,0.001546181386853271,nan,-11.836236571634856,0.09876543209876543,False,ok
reg_large,1,72,85,-0.0019590642605102865,0.06482602627965875,-0.4284225930964123,0.0019590642605102865,nan,-3.1360012644679105,0.2823529411764706,False,ok
reg_large,1,73,65,-0.019878162467385697,0.0639566964595859,-0.027488251435909918,0.019878162467385697,nan,-6.880405086425459,0.18461538461538463,False,ok
reg_large,1,74,85,-0.0014180296926208918,0.07160686359081089,0.13624468644532442,0.0014180296926208918,nan,-6.92916871323729,0.24705882352941178,False,ok
reg_large,1,75,63,0.00024630520912981665,0.0827278957984521,-2.630866034409951,0.00024630520912981665,nan,1.7509191916179763,0.36507936507936506,False,ok
reg_large,1,77,69,0.004644774864615305,0.05719696889606278,0.3491796620285434,0.004644774864615305,nan,5.407049329467385,0.37681159420289856,False,ok
reg_large,1,78,105,0.0074383900550678075,0.06395518551037364,-0.015553101816111414,0.0074383900550678075,nan,0.6404907383159739,0.3523809523809524,False,ok
reg_large,1,81,73,0.00777535174248896,0.07012308447234793,0.04851629070950651,0.00777535174248896,nan,-4.544296168080171,0.3150684931506849,False,ok
reg_large,1,82,63,-0.0016637922438945865,0.06050638951094602,-0.3170139476549002,0.0016637922438945865,nan,1.2211120404167812,0.3968253968253968,False,ok
reg_large,1,84,82,0.012354248353901011,0.07193528928310342,0.12568519618528604,0.012354248353901011,nan,-7.39327100350453,0.1951219512195122,False,ok
reg_large,1,85,70,0.006383344131467938,0.05501128711811753,0.5292810465407891,0.006383344131467938,nan,-6.846414619214036,0.2,False,ok
reg_large,1,87,65,0.003268428011366433,0.05966900029553524,-0.12431382093748657,0.003268428011366433,nan,-10.10888383356942,0.18461538461538463,False,ok
reg_large,1,89,71,-0.0005264365600313858,0.06042014005616699,0.02301322710209087,0.0005264365600313858,nan,-3.0067457244751283,0.30985915492957744,False,ok
reg_large,1,91,64,0.005729071677659799,0.04763374624147503,0.26871044174240005,0.005729071677659799,nan,0.9932996937025886,0.359375,False,ok
reg_large,1,92,65,0.007609505950706022,0.09154610352609187,1.9466901131636705,0.007609505950706022,nan,-4.627982286941266,0.2923076923076923,False,ok
reg_large,1,93,114,-0.0011727829800950895,0.06290259526242377,-0.5643944162137257,0.0011727829800950895,nan,-4.672965073749195,0.2807017543859649,False,ok
reg_large,1,94,96,-0.00668457595640829,0.0585342150583803,0.14631132586931256,0.00668457595640829,nan,-8.699352134756369,0.16666666666666666,False,ok
reg_large,1,95,66,-0.0005380459623077272,0.06561003949590193,-0.4409668296829973,0.0005380459623077272,nan,-0.25847509360616694,0.3333333333333333,False,ok
reg_large,1,96,70,-0.002089071532031772,0.0649442948659157,0.0918184621705202,0.002089071532031772,nan,-4.852860058957528,0.22857142857142856,False,ok
reg_large,1,97,92,0.0020689002822747364,0.056912512726422414,0.24733327117029064,0.0020689002822747364,nan,-5.999575688265228,0.25,False,ok
reg_large,1,98,66,0.011751318030021695,0.05785880907300801,-0.08550468328838752,0.011751318030021695,nan,-11.021466679127888,0.22727272727272727,False,ok
reg_large,2,2,80,0.03027521640385477,0.09512378641118044,0.978009050055712,0.03027521640385477,nan,9.903274953246589,0.475,False,ok
reg_large,2,5,67,0.01567614767098086,0.07710778546741916,-0.00787144201781186,0.01567614767098086,nan,10.893535391079032,0.4925373134328358,False,ok
reg_large,2,8,94,0.021785561575610797,0.0841743845854371,-0.10785116581514197,0.021785561575610797,nan,7.621893958201618,0.40425531914893614,False,ok
reg_large,2,9,111,-0.0011233255065818595,0.07467160514898905,-0.28791985344252247,0.0011233255065818595,nan,5.945273283105032,0.40540540540540543,False,ok
reg_large,2,12,80,0.02559648715642404,0.10040085073823085,0.18045357339620335,0.02559648715642404,nan,5.863766912681503,0.3875,False,ok
reg_large,2,15,120,-0.0015653640534858172,0.07800071643848212,-0.7401825252184583,0.0015653640534858172,nan,6.428878569560567,0.425,False,ok
reg_large,2,24,96,-0.0023753354543992263,0.08235591672175681,1.9903992774205217,0.0023753354543992263,nan,11.561614545038225,0.4479166666666667,False,ok
reg_large,2,25,64,0.007060052670637081,0.07768065547939144,-0.8680246959593523,0.007060052670637081,nan,9.817073004578639,0.515625,False,ok
reg_large,2,26,64,-0.022412634912574676,0.08498910287814582,0.6285710427688624,0.022412634912574676,nan,-6.555505841710925,0.1875,False,ok
reg_large,2,27,83,-0.0078039757868373465,0.06752533181538253,-0.0794353249338474,0.0078039757868373465,nan,2.913588412552166,0.3493975903614458,False,ok
reg_large,2,29,94,-0.007254938807070454,0.06930026593393734,-0.028177892066684227,0.007254938807070454,nan,-3.171462735075776,0.2553191489361702,False,ok
reg_large,2,30,76,-0.03681530246008061,0.0747158292910855,-0.7474505978974223,0.03681530246008061,nan,6.666145188042892,0.4342105263157895,False,ok
reg_large,2,32,72,-0.003228240429112012,0.05471348933598173,0.5755277108185021,0.003228240429112012,nan,2.602044565227998,0.4027777777777778,False,ok
reg_large,2,33,71,-0.026180376125538814,0.07890383730213604,-0.5338267230282671,0.026180376125538814,nan,-2.1059857590911375,0.3380281690140845,False,ok
reg_large,2,34,91,-0.009271799934246162,0.08006561500532137,-0.07862049221188135,0.009271799934246162,nan,-6.840926974891967,0.25274725274725274,False,ok
reg_large,2,38,73,0.003230726124653216,0.07290065853370281,0.3883825161981694,0.003230726124653216,nan,10.234382913623476,0.4794520547945205,False,ok
reg_large,2,39,80,0.016305624406498215,0.07169196231092047,0.13003665712962525,0.016305624406498215,nan,-10.836906986274894,0.175,False,ok
reg_large,2,40,88,-0.0019135666102641684,0.06326624307120944,-0.0909477424146313,0.0019135666102641684,nan,0.0027951767134016914,0.2727272727272727,False,ok
reg_large,2,43,63,0.01556940040879906,0.06958064459483829,0.05947963357678043,0.01556940040879906,nan,7.712554787735359,0.4603174603174603,False,ok
reg_large,2,45,86,-0.025388970587725806,0.06453660885659765,-0.2601412859615965,0.025388970587725806,nan,1.1523654794675438,0.32558139534883723,False,ok
reg_large,2,46,97,-0.01358287866400508,0.06968273912786052,0.48026656826143693,0.01358287866400508,nan,-8.09042208323973,0.20618556701030927,False,ok
reg_large,2,47,69,-0.01780009551702969,0.052004010685665666,-0.4509143758029582,0.01780009551702969,nan,5.62522890024329,0.4492753623188406,False,ok
reg_large,2,49,70,0.011200654846264865,0.05401842575013052,0.3120941289821012,0.011200654846264865,nan,0.420921532987772,0.4,False,ok
reg_large,2,50,111,-0.000678237645199411,0.07281731759217297,-0.33823090844497156,0.000678237645199411,nan,-4.726845256341272,0.21621621621621623,False,ok
reg_large,2,51,112,-0.005870008511413006,0.060264714068781096,-0.2598672537986555,0.005870008511413006,nan,-9.42405509156094,0.19642857142857142,False,ok
reg_large,2,57,75,0.0059982857069933535,0.058938443610291456,-0.20414671413597932,0.0059982857069933535,nan,2.5269358463950278,0.4,False,ok
reg_large,2,59,74,0.00039060366917855214,0.06093479194970327,0.016518297856267346,0.00039060366917855214,nan,-2.9720073935707076,0.25675675675675674,False,ok
reg_large,2,60,94,-0.006275482810678326,0.05768226579112649,0.18243081530730734,0.006275482810678326,nan,1.5931628908178108,0.3617021276595745,False,ok
reg_large,2,65,69,0.001722096819612324,0.06474071695014867,-0.10123927171476,0.001722096819612324,nan,7.404408897749814,0.4782608695652174,False,ok
reg_large,2,66,65,-0.0037266244303211407,0.07090591677999039,0.06912304633078485,0.0037266244303211407,nan,-6.205581863018465,0.24615384615384617,False,ok
reg_large,2,69,70,-0.002011841998368723,0.08761228561678885,-2.0496365287018214,0.002011841998368723,nan,-4.270103321713921,0.2857142857142857,False,ok
reg_large,2,70,99,0.010814379777175523,0.06480615196722277,0.18669422101612315,0.010814379777175523,nan,6.145040899501925,0.494949494949495,False,ok
reg_large,2,71,121,-0.006251946194007554,0.07161084216931428,-0.7250580926052183,0.006251946194007554,nan,0.8506371484200739,0.3884297520661157,False,ok
reg_large,2,74,93,0.0070420716672285185,0.06334604087216272,-0.3886921295389015,0.0070420716672285185,nan,-3.089285171411041,0.3225806451612903,False,ok
reg_large,2,75,120,0.004442251475887861,0.0638213409293981,0.006496104526156157,0.004442251475887861,nan,-7.360004921983684,0.26666666666666666,False,ok
reg_large,2,78,100,0.004474875136335376,0.062224213814555104,-0.6444434140460407,0.004474875136335376,nan,1.5315837178190648,0.43,False,ok
reg_large,2,81,72,0.012259254991296665,0.062102499731733464,-0.07299702199087052,0.012259254991296665,nan,-1.3306414860094553,0.3194444444444444,False,ok
reg_large,2,82,80,-0.009391682169275434,0.06332982394754157,-0.4607501048477034,0.009391682169275434,nan,-8.272359986600517,0.175,False,ok
reg_large,2,84,102,0.008610506533324498,0.0695527228145317,0.013108604783536211,0.008610506533324498,nan,-2.7160232312865977,0.30392156862745096,False,ok
reg_large,2,85,63,-0.00614392687590607,0.052522434501908084,0.11248126629968347,0.00614392687590607,nan,-8.104712005025952,0.19047619047619047,False,ok
reg_large,2,87,80,0.005571615324541606,0.05585408070269621,-0.3307162797849262,0.005571615324541606,nan,-6.795092609917842,0.225,False,ok
reg_large,2,88,103,0.014634022013039016,0.0613381913164073,-0.12178553317310958,0.014634022013039016,nan,-10.257355521282117,0.17475728155339806,False,ok
reg_large,2,89,63,-0.0002599575860717599,0.05251266484003072,-0.17737388361524078,0.0002599575860717599,nan,-2.355058508440909,0.3333333333333333,False,ok
reg_large,2,90,67,0.0013574763581954675,0.05866272797880785,0.16619239358136634,0.0013574763581954675,nan,1.4305477612302322,0.40298507462686567,False,ok
reg_large,2,91,85,-0.0014556623475530718,0.06089693905549049,-0.1003040318299087,0.0014556623475530718,nan,1.612329548434559,0.38823529411764707,False,ok
reg_large,2,92,65,-0.009575418931034436,0.07208794721248178,0.1103091207524011,0.009575418931034436,nan,-5.583417741122285,0.23076923076923078,False,ok
reg_large,2,93,65,0.003350667880947859,0.058517252372617186,0.09378808459978706,0.003350667880947859,nan,-6.694472236396568,0.27692307692307694,False,ok
reg_large,2,94,63,-0.0008327964307537179,0.05892560173270607,0.24884925610781328,0.0008327964307537179,nan,-1.553626980580043,0.2857142857142857,False,ok
reg_large,3,1,94,-0.033176965673163694,0.10823817868495338,-1.104830338028317,0.033176965673163694,nan,6.6143127939366035,0.35106382978723405,False,ok
reg_large,3,4,76,0.036771126927260894,0.08918771612342936,0.48353291270329146,0.036771126927260894,nan,9.42211952173809,0.4868421052631579,False,ok
reg_large,3,10,65,0.03372306761157314,0.08045017341201413,0.9838419417236465,0.03372306761157314,nan,7.722921797039457,0.4153846153846154,False,ok
reg_large,3,11,63,0.004798658413970758,0.07889400980851995,-0.2657880934899496,0.004798658413970758,nan,22.992898652988124,0.6190476190476191,False,ok
reg_large,3,12,66,0.02520281655813657,0.08703513857001265,-0.37330808234820023,0.02520281655813657,nan,-0.7739141207518883,0.3333333333333333,False,ok
reg_large,3,15,71,-0.015781985368467293,0.07871478092398351,-0.922969182574648,0.015781985368467293,nan,10.030684222080213,0.49295774647887325,False,ok
reg_large,3,16,64,-0.011103315213913906,0.07844568950454173,0.2145346909226548,0.011103315213913906,nan,-6.649148537995282,0.21875,False,ok
reg_large,3,18,116,0.019769155015538845,0.09677528567822564,0.6991491215000791,0.019769155015538845,nan,2.6807691894423247,0.3620689655172414,False,ok
reg_large,3,19,103,-0.009371222111551577,0.08317837135465955,-0.15196753438124067,0.009371222111551577,nan,1.0113215732098897,0.33980582524271846,False,ok
reg_large,3,20,102,-0.003212006369369854,0.07188205201607557,-0.6054852016373036,0.003212006369369854,nan,-6.068818849843978,0.2549019607843137,False,ok
reg_large,3,27,93,-0.0036312426875493155,0.06187922384768497,0.526287331477653,0.0036312426875493155,nan,0.6736821804451522,0.3333333333333333,False,ok
reg_large,3,28,93,0.0015515385640899348,0.06885867668873923,0.8521649744429721,0.0015515385640899348,nan,15.596580814390464,0.5376344086021505,False,ok
reg_large,3,32,95,0.0026666367578318012,0.05900108068956908,0.16048754790027733,0.0026666367578318012,nan,-9.279113988825129,0.16842105263157894,False,ok
reg_large,3,33,63,-0.00648586963790888,0.06855454647115282,-0.9851431736951272,0.00648586963790888,nan,14.944358071154701,0.5079365079365079,False,ok
reg_large,3,34,63,-0.009908140274780125,0.07518324669627174,0.5359421167583749,0.009908140274780125,nan,2.8473159004489363,0.38095238095238093,False,ok
reg_large,3,35,82,-0.009472549329624654,0.065758822127763,0.003073440930973326,0.009472549329624654,nan,2.2443325999132306,0.34146341463414637,False,ok
reg_large,3,39,79,0.020621345941295544,0.06612719594839392,-0.22302223321182166,0.020621345941295544,nan,-1.5789128611149117,0.35443037974683544,False,ok
reg_large,3,40,70,0.013010220280124548,0.07915165909667762,0.30870646160645415,0.013010220280124548,nan,7.210381165210873,0.44285714285714284,False,ok
reg_large,3,43,112,-0.0010254863017995397,0.06829038230526974,-0.48817327979077774,0.0010254863017995397,nan,7.819065662265878,0.4375,False,ok
reg_large,3,48,67,0.019120302358766376,0.06919356588138964,0.22817355163243724,0.019120302358766376,nan,6.750242493348772,0.44776119402985076,False,ok
reg_large,3,49,75,0.008452694190551793,0.06719108916287882,-0.1189518371151798,0.008452694190551793,nan,-8.980078230639316,0.14666666666666667,False,ok
reg_large,3,50,72,-0.0034526965176233677,0.054749292656888694,0.024531859835474065,0.0034526965176233677,nan,-1.8669344755785455,0.3611111111111111,False,ok
reg_large,3,51,68,0.004927645428237665,0.0773791905190581,0.7335998891084613,0.004927645428237665,nan,-4.587545728838709,0.23529411764705882,False,ok
reg_large,3,52,99,0.01179764816800036,0.06763208265085864,0.3666392445471359,0.01179764816800036,nan,0.2046110593815993,0.3434343434343434,False,ok
reg_large,3,53,64,0.0009262561833654212,0.04854379214472522,0.396465162508171,0.0009262561833654212,nan,-1.9242520264797762,0.296875,False,ok
reg_large,3,55,121,-0.004800130107277713,0.06076118537879995,0.04729886041706329,0.004800130107277713,nan,-9.00884405645915,0.2066115702479339,False,ok
reg_large,3,58,68,-0.004361301573192802,0.05873746767873575,-0.07632849380362745,0.004361301573192802,nan,5.361067656789019,0.38235294117647056,False,ok
reg_large,3,60,96,0.010470942223097723,0.06300274928993706,-0.0811209094233572,0.010470942223097723,nan,-7.736134581562967,0.21875,False,ok
reg_large,3,65,89,0.0003958061961082131,0.0644416511322709,-0.12319686237371524,0.0003958061961082131,nan,6.916457137042807,0.5056179775280899,False,ok
reg_large,3,67,68,0.010388891255180051,0.061859577129689654,0.7004207358188245,0.010388891255180051,nan,-9.73770092919041,0.17647058823529413,False,ok
reg_large,3,69,105,0.0011238078301795693,0.06326676813508679,0.10529556454173714,0.0011238078301795693,nan,-7.621605210035755,0.23809523809523808,False,ok
reg_large,3,70,71,0.00972090000098505,0.07036186306844704,-1.1859691101144765,0.00972090000098505,nan,2.779737950250451,0.43661971830985913,False,ok
reg_large,3,72,100,-0.008455058370534976,0.06122477770816048,0.2836781786509291,0.008455058370534976,nan,-0.5722769831750384,0.37,False,ok
reg_large,3,75,66,-0.006077803788836201,0.06695512750953533,1.0927007784760765,0.006077803788836201,nan,9.707530704717625,0.4696969696969697,False,ok
reg_large,3,76,78,-0.013545780180523203,0.07669518091528695,-0.1860696032963944,0.013545780180523203,nan,-5.537984680402657,0.2564102564102564,False,ok
reg_large,3,78,80,-0.005914400483810647,0.07014089061120041,-0.4909260861476478,0.005914400483810647,nan,-0.131846900011044,0.3875,False,ok
reg_large,3,80,70,0.0003344295895287833,0.07006253902581674,0.31921451776169524,0.0003344295895287833,nan,-5.159885565848881,0.2571428571428571,False,ok
reg_large,3,81,63,0.007759297567553491,0.06373833139820302,0.4799077422217202,0.007759297567553491,nan,-4.013257182906254,0.2222222222222222,False,ok
reg_large,3,82,63,0.02149296048900443,0.06769888518273855,0.5036234861134912,0.02149296048900443,nan,-10.928895249259343,0.15873015873015872,False,ok
reg_large,3,85,64,0.008617395340333983,0.07473255742421787,-0.8829564071973172,0.008617395340333983,nan,-6.10032761994634,0.28125,False,ok
reg_large,3,86,82,0.00573010306797142,0.061897980997199745,-0.022083933358420207,0.00573010306797142,nan,3.72526893191131,0.4268292682926829,False,ok
reg_large,3,87,63,-0.01962610102489538,0.059286056229897625,-0.6633232838120142,0.01962610102489538,nan,-0.9373960510466663,0.3492063492063492,False,ok
reg_large,3,88,72,-0.0015830292093453686,0.06483022149314323,-0.5597918334509762,0.0015830292093453686,nan,-2.5484304308634096,0.3472222222222222,False,ok
reg_large,3,91,72,-0.005154693461404123,0.070138146352747,0.13217447729380943,0.005154693461404123,nan,1.9327853735396718,0.4166666666666667,False,ok
reg_large,3,93,87,-0.00887344180175654,0.06350050516579339,-0.25786822845231977,0.00887344180175654,nan,-3.417788649861213,0.25287356321839083,False,ok
reg_large,3,94,114,0.00016897649330147426,0.06893401235526617,0.8175785176180684,0.00016897649330147426,nan,-8.683149814763917,0.17543859649122806,False,ok
reg_large,3,95,83,-0.00025240160495126093,0.06593959024734487,0.05544666951693174,0.00025240160495126093,nan,-9.640865932214101,0.1686746987951807,False,ok
reg_large,3,96,83,-0.00329913120172291,0.0700263317915371,-0.13952355464667263,0.00329913120172291,nan,-3.3507232557865954,0.3253012048192771,False,ok
reg_large,3,97,64,-0.020678122781748604,0.06608243831648117,0.09999877683704994,0.020678122781748604,nan,-2.4932695865301393,0.28125,False,ok
reg_large,3,98,63,-0.002536013562056555,0.051794241417174425,-0.5663882971611535,0.002536013562056555,nan,-8.957102849813358,0.15873015873015872,False,ok
reg_large,4,2,77,0.029058447307208975,0.09343420203900098,1.0229344183227858,0.029058447307208975,nan,12.948574359488822,0.5194805194805194,False,ok
reg_large,4,6,76,0.029694746976352285,0.08709780814274241,-0.6117130160137614,0.029694746976352285,nan,9.12887122270485,0.42105263157894735,False,ok
reg_large,4,11,64,0.0005366526539813104,0.08385095902530644,-2.022371712893162,0.0005366526539813104,nan,22.436280125512,0.5625,False,ok
reg_large,4,12,63,-0.017011404403639758,0.0722662259151913,-0.4554661834385541,0.017011404403639758,nan,-1.0127188535801368,0.3333333333333333,False,ok
reg_large,4,13,78,0.0033738352702895047,0.08104829308258502,-0.6823719522894715,0.0033738352702895047,nan,12.054253896967708,0.5641025641025641,False,ok
reg_large,4,14,74,-0.019474734095528683,0.07107062293495824,0.808718990643017,0.019474734095528683,nan,-1.5156541544988662,0.21621621621621623,False,ok
reg_large,4,16,99,0.00868585163893145,0.09525723213979566,1.4484817248953963,0.00868585163893145,nan,3.7172858924239724,0.37373737373737376,False,ok
reg_large,4,21,63,0.005853150554433255,0.06996529516831441,-0.43513091767109235,0.005853150554433255,nan,15.834306808906883,0.5555555555555556,False,ok
reg_large,4,22,102,0.00031122972642732736,0.06322894840558155,0.16697877439125214,0.00031122972642732736,nan,4.495449035497664,0.4019607843137255,False,ok
reg_large,4,28,85,0.009180739994133677,0.06512952007313887,0.5251829460322205,0.009180739994133677,nan,12.826471713837467,0.5647058823529412,False,ok
reg_large,4,29,80,-0.019599134494723565,0.07761967322807871,-0.6304700405064756,0.019599134494723565,nan,-7.531480386726531,0.1875,False,ok
reg_large,4,30,85,0.008095070256827742,0.06060124237551681,0.01566291191392698,0.008095070256827742,nan,6.365908018193577,0.4470588235294118,False,ok
reg_large,4,33,79,0.007621367945073251,0.0748740118907124,0.01875192871879516,0.007621367945073251,nan,8.040511661147564,0.4936708860759494,False,ok
reg_large,4,37,76,0.0017444612228997409,0.0716284439002643,1.0950831967012624,0.0017444612228997409,nan,-5.731248023366643,0.2631578947368421,False,ok
reg_large,4,38,82,0.013478828634543034,0.08407610668301335,0.2903364115820401,0.013478828634543034,nan,6.648777446431609,0.4268292682926829,False,ok
reg_large,4,39,63,0.011190274143539777,0.06633051404094253,0.4926793529615277,0.011190274143539777,nan,1.9577549963849166,0.3492063492063492,False,ok
reg_large,4,41,71,-0.009289717184827732,0.07057734541909708,0.3925653187639246,0.009289717184827732,nan,-0.9206031599378716,0.38028169014084506,False,ok
reg_large,4,42,107,0.0018430751335378845,0.0706157658103716,-0.16858549525894315,0.0018430751335378845,nan,-6.751735422773091,0.2616822429906542,False,ok
reg_large,4,43,120,0.0032090903390131664,0.06151849840620875,0.07668926708089714,0.0032090903390131664,nan,-7.0308377943977005,0.25833333333333336,False,ok
reg_large,4,44,100,-0.014257526922826351,0.0746405590681663,0.28782230787158025,0.014257526922826351,nan,-4.777854230458381,0.25,False,ok
reg_large,4,45,93,-0.0034969873042480686,0.06960208851963041,-0.029202332956564464,0.0034969873042480686,nan,-0.9679669938768964,0.26881720430107525,False,ok
reg_large,4,51,77,-0.0025205798031463296,0.062036542012224076,-0.439370394847608,0.0025205798031463296,nan,-3.0996223397777474,0.2727272727272727,False,ok
reg_large,4,52,116,0.005725400330375615,0.07514861055725375,-0.2757554445134946,0.005725400330375615,nan,5.683606279286775,0.47413793103448276,False,ok
reg_large,4,57,90,0.007888537859400151,0.06393770484713214,0.5638710141728742,0.007888537859400151,nan,4.059904117191747,0.4111111111111111,False,ok
reg_large,4,58,118,0.0024392063334691474,0.05016903654430543,-0.16144980948573615,0.0024392063334691474,nan,-2.554640216513942,0.3389830508474576,False,ok
reg_large,4,60,88,0.01426268410064251,0.0636663493292167,0.6294119341438325,0.01426268410064251,nan,3.734888995316079,0.38636363636363635,False,ok
reg_large,4,62,76,0.0008169369413206547,0.05177684592747756,-0.009162129227692151,0.0008169369413206547,nan,-7.836709743820305,0.19736842105263158,False,ok
reg_large,4,63,119,-0.006618350265057776,0.08152513686016628,-0.8092989695356774,0.006618350265057776,nan,-4.253379610672133,0.31932773109243695,False,ok
reg_large,4,64,72,0.012394800421267164,0.06532499394749787,-0.12573454616414426,0.012394800421267164,nan,4.211864228989468,0.3888888888888889,False,ok
reg_large,4,65,82,-0.004101653755417463,0.0635111281995304,0.49182491089605973,0.004101653755417463,nan,2.3835350124901833,0.3902439024390244,False,ok
reg_large,4,70,79,0.0007221016855162112,0.07675033564396266,-1.0544530387077826,0.0007221016855162112,nan,3.79440920319547,0.4430379746835443,False,ok
reg_large,4,71,76,-0.003916694211459096,0.0682165812423357,-0.08842441843401139,0.003916694211459096,nan,-10.232038732699285,0.14473684210526316,False,ok
reg_large,4,75,75,0.014876154749606938,0.0696217487782696,-0.09950122584090687,0.014876154749606938,nan,0.005561773165129249,0.38666666666666666,False,ok
reg_large,4,76,82,0.006725353604103783,0.06291193127753678,-0.0862400808982074,0.006725353604103783,nan,-5.422316611968967,0.24390243902439024,False,ok
reg_large,4,77,67,-0.010711780743397176,0.078121993523008,-1.4369522944335364,0.010711780743397176,nan,-3.5580052309937766,0.3582089552238806,False,ok
reg_large,4,78,78,-0.011374413996771459,0.06162241955031533,0.27348631661623174,0.011374413996771459,nan,-10.570622380132644,0.1794871794871795,False,ok
reg_large,4,79,100,0.011321777241663913,0.05546638908001539,0.051132180449892185,0.011321777241663913,nan,-5.5084100284720625,0.22,False,ok
reg_large,4,80,63,-0.0014772152745477361,0.06448311275053858,-0.008715198652030935,0.0014772152745477361,nan,0.3329199190059333,0.3333333333333333,False,ok
reg_large,4,83,79,-0.021878146286914365,0.058757141117272864,-0.3926439854627682,0.021878146286914365,nan,-2.2854549778264093,0.31645569620253167,False,ok
reg_large,4,84,84,-0.0027169779361471765,0.06144445874606554,-0.05391317290682939,0.0027169779361471765,nan,-6.380720161382276,0.2261904761904762,False,ok
reg_large,4,85,98,-0.009776189492448002,0.06757744287746549,0.08843847829810401,0.009776189492448002,nan,1.3729122150406974,0.336734693877551,False,ok
reg_large,4,86,105,-0.00081990735168965,0.06082649884143591,-0.08377413564989336,0.00081990735168965,nan,-4.446637929023714,0.3047619047619048,False,ok
reg_large,4,87,63,-0.009839050024538451,0.07226019648316577,-0.1263860372467129,0.009839050024538451,nan,-2.6234660678343102,0.25396825396825395,False,ok
reg_large,4,90,106,0.006070901661915244,0.07204771603382998,-0.45592544333527124,0.006070901661915244,nan,-1.326991004024185,0.32075471698113206,False,ok
reg_large,4,91,63,-0.007405203334217678,0.06588121647275742,-0.12805275477917288,0.007405203334217678,nan,-7.887621965939556,0.20634920634920634,False,ok
reg_large,4,92,81,-0.02339188340201747,0.06995805757611055,0.27744598074550325,0.02339188340201747,nan,-2.91837330664355,0.2839506172839506,False,ok
reg_large,4,93,63,-0.003848365908005913,0.06172046744393821,0.04392936096674673,0.003848365908005913,nan,-6.467706912173085,0.2222222222222222,False,ok
reg_large,4,94,63,0.005832228811106877,0.05651153994126625,-0.17821950164906486,0.005832228811106877,nan,-8.387028582023692,0.19047619047619047,False,ok
