model,noise_sigma,r2_ceiling,dataset,n_samples,n_features,seed,fold,val_r2,val_r2_adj,val_rmse,train_time_s,status
geoxgb,0.0,1.0,friedman1,1000,10,3,2,0.9615571851823744,0.9615571851823744,0.20217960772865493,5.808683900046162,ok
geoxgb,0.0,1.0,friedman1,1000,10,3,1,0.964495408734281,0.964495408734281,0.1839500503567306,6.344316300004721,ok
geoxgb,0.0,1.0,friedman1,1000,10,3,4,0.9557821592021359,0.9557821592021359,0.20926859654922345,6.407685499987565,ok
geoxgb,0.0,1.0,friedman1,1000,10,2,3,0.9609442149497414,0.9609442149497414,0.18340938226312237,6.499322700081393,ok
geoxgb,0.0,1.0,friedman1,1000,10,0,3,0.9618008953405964,0.9618008953405964,0.20055481114125015,6.6735637000529096,ok
geoxgb,0.0,1.0,friedman1,1000,10,1,0,0.967119329479125,0.967119329479125,0.1818116863151332,6.675273300032131,ok
geoxgb,0.0,1.0,friedman1,1000,10,1,1,0.9681014080138205,0.9681014080138205,0.18140304023623452,6.691005899920128,ok
geoxgb,0.0,1.0,friedman1,1000,10,0,0,0.9456477109519118,0.9456477109519118,0.22614766769597205,6.859331999905407,ok
geoxgb,0.0,1.0,friedman1,1000,10,1,4,0.9612352456936386,0.9612352456936386,0.19283261114932262,6.8893691000994295,ok
geoxgb,0.0,1.0,friedman1,1000,10,2,4,0.9590330422817116,0.9590330422817116,0.21050211530666868,7.00721720000729,ok
geoxgb,0.0,1.0,friedman1,1000,10,1,2,0.9299043982143627,0.9299043982143627,0.25669139147934733,7.116901500034146,ok
geoxgb,0.0,1.0,friedman1,1000,10,2,2,0.9462363214813261,0.9462363214813261,0.23195169904409046,7.114545500022359,ok
geoxgb,0.0,1.0,friedman1,1000,10,3,0,0.9561812835604071,0.9561812835604071,0.21856088336240093,7.171314699924551,ok
geoxgb,0.0,1.0,friedman1,1000,10,3,3,0.9437657864357918,0.9437657864357918,0.22457366403038118,7.165076799923554,ok
geoxgb,0.0,1.0,friedman1,1000,10,0,4,0.9340323906881773,0.9340323906881773,0.2558136252721689,7.313077799975872,ok
geoxgb,0.0,1.0,friedman1,1000,10,0,2,0.9586627598877346,0.9586627598877346,0.1994203572687731,7.466658300021663,ok
geoxgb,0.0,1.0,friedman1,1000,10,2,1,0.9481821388161146,0.9481821388161146,0.2290863768513437,7.846270199981518,ok
geoxgb,0.0,1.0,friedman1,1000,10,2,0,0.953644198368453,0.953644198368453,0.2184663680937539,7.97655699995812,ok
geoxgb,0.0,1.0,friedman1,1000,10,1,3,0.9511944186490787,0.9511944186490787,0.2269329937156813,8.214071199996397,ok
geoxgb,0.0,1.0,friedman1,1000,10,0,1,0.9573550044090926,0.9573550044090926,0.2095147425626698,8.3028750999365,ok
geoxgb,0.0,1.0,friedman1,1000,10,4,0,0.9548991346630399,0.9548991346630399,0.20930382099974537,6.5165329000446945,ok
geoxgb,0.0,1.0,friedman1,1000,10,4,3,0.970049649111928,0.970049649111928,0.17708532056742599,6.341697599971667,ok
geoxgb,0.0,1.0,friedman1,1000,10,5,0,0.9628229354904568,0.9628229354904568,0.18956130747740993,6.34761840000283,ok
geoxgb,0.0,1.0,friedman1,1000,10,4,4,0.9459246746413026,0.9459246746413026,0.22623643497846613,6.474613899947144,ok
geoxgb,0.0,1.0,friedman1,1000,10,4,1,0.9556650291870893,0.9556650291870893,0.2055328722479721,7.054888700018637,ok
geoxgb,0.0,1.0,friedman1,1000,10,4,2,0.9631719322854095,0.9631719322854095,0.19143868683469092,7.085320900077932,ok
geoxgb,0.0,1.0,friedman1,1000,10,5,1,0.9548795730497455,0.9548795730497455,0.21492277193367726,6.9467843000311404,ok
geoxgb,0.0,1.0,friedman1,1000,10,5,2,0.9541787761144374,0.9541787761144374,0.21817984760422704,7.452178700012155,ok
geoxgb,0.0,1.0,friedman1,1000,10,5,3,0.9571209539021113,0.9571209539021113,0.2108011917687942,7.4182980000041425,ok
geoxgb,0.0,1.0,friedman1,1000,10,6,1,0.9545611347919758,0.9545611347919758,0.2172992308061108,7.405309700057842,ok
geoxgb,0.0,1.0,friedman1,1000,10,7,1,0.9610162365718896,0.9610162365718896,0.19442197920089507,6.6825713000725955,ok
geoxgb,0.0,1.0,friedman1,1000,10,6,3,0.9534869339524171,0.9534869339524171,0.2240313641627166,7.522764199995436,ok
geoxgb,0.0,1.0,friedman1,1000,10,6,4,0.9322666987395575,0.9322666987395575,0.25631188507104163,7.534937800024636,ok
geoxgb,0.0,1.0,friedman1,1000,10,6,2,0.9481562603359476,0.9481562603359476,0.22173779302776905,7.830620500026271,ok
geoxgb,0.0,1.0,friedman1,1000,10,7,3,0.955170143799181,0.955170143799181,0.20087243693541182,6.995954600046389,ok
geoxgb,0.0,1.0,friedman1,1000,10,7,0,0.9471304087199356,0.9471304087199356,0.22142890278570782,7.83256590005476,ok
geoxgb,0.0,1.0,friedman1,1000,10,6,0,0.9433454692342926,0.9433454692342926,0.2322053946812512,8.171475299983285,ok
geoxgb,0.0,1.0,friedman1,1000,10,7,2,0.9585621081715251,0.9585621081715251,0.21504063134449156,7.427237799973227,ok
xgboost,0.0,1.0,friedman1,1000,10,0,0,0.9759080744581038,0.9759080744581038,0.15056323925953943,1.0348687999648973,ok
xgboost,0.0,1.0,friedman1,1000,10,0,1,0.9746798761949746,0.9746798761949746,0.16144086027687493,0.9245532000204548,ok
xgboost,0.0,1.0,friedman1,1000,10,0,2,0.9748925701890409,0.9748925701890409,0.15541748608160824,0.8996826999355108,ok
geoxgb,0.0,1.0,friedman1,1000,10,7,4,0.9625680081076198,0.9625680081076198,0.20010578185231387,7.692406500107609,ok
xgboost,0.0,1.0,friedman1,1000,10,0,3,0.9810412783242928,0.9810412783242928,0.1412898676858179,0.9140270999632776,ok
xgboost,0.0,1.0,friedman1,1000,10,0,4,0.9723078485617453,0.9723078485617453,0.1657435545962767,0.9092969000339508,ok
xgboost,0.0,1.0,friedman1,1000,10,1,0,0.9744744989207,0.9744744989207,0.16019117997035356,0.9127418999560177,ok
xgboost,0.0,1.0,friedman1,1000,10,1,1,0.9794621428067987,0.9794621428067987,0.14555809712769427,0.9095901999389753,ok
geoxgb,0.0,1.0,friedman1,1000,10,5,4,0.9326329445731678,0.9326329445731678,0.24804041594108056,9.148113899980672,ok
xgboost,0.0,1.0,friedman1,1000,10,1,2,0.9653460976842713,0.9653460976842713,0.1804853655253006,0.8955272999592125,ok
xgboost,0.0,1.0,friedman1,1000,10,1,3,0.9716616143887562,0.9716616143887562,0.17292207970652163,0.838685900089331,ok
xgboost,0.0,1.0,friedman1,1000,10,1,4,0.9691481113422862,0.9691481113422862,0.17202946625922438,0.7711385999573395,ok
xgboost,0.0,1.0,friedman1,1000,10,2,0,0.975474792900203,0.975474792900203,0.1589054829696995,0.7433422999456525,ok
xgboost,0.0,1.0,friedman1,1000,10,2,2,0.96855155066208,0.96855155066208,0.1773996212762286,0.8195126999635249,ok
xgboost,0.0,1.0,friedman1,1000,10,2,1,0.9704429080905317,0.9704429080905317,0.17301763569868736,0.9421472999965772,ok
xgboost,0.0,1.0,friedman1,1000,10,2,3,0.9730730360946622,0.9730730360946622,0.1522904101386998,0.7749294999521226,ok
xgboost,0.0,1.0,friedman1,1000,10,2,4,0.9717823463246511,0.9717823463246511,0.17470287700497691,0.8126275999238715,ok
xgboost,0.0,1.0,friedman1,1000,10,3,0,0.979246929108431,0.979246929108431,0.1504124537569521,0.7761802000459284,ok
xgboost,0.0,1.0,friedman1,1000,10,3,1,0.9754927403363918,0.9754927403363918,0.15282873857986368,0.9234132999554276,ok
xgboost,0.0,1.0,friedman1,1000,10,3,2,0.9739940235323143,0.9739940235323143,0.16629008005983087,0.8048960000742227,ok
xgboost,0.0,1.0,friedman1,1000,10,3,3,0.9640953051659497,0.9640953051659497,0.17944614451925647,0.7811991000780836,ok
xgboost,0.0,1.0,friedman1,1000,10,3,4,0.9681617840136196,0.9681617840136196,0.1775741147102524,0.7915209999773651,ok
xgboost,0.0,1.0,friedman1,1000,10,4,0,0.9731610636182898,0.9731610636182898,0.16146090035482621,0.8153007000219077,ok
xgboost,0.0,1.0,friedman1,1000,10,4,1,0.9640214778292936,0.9640214778292936,0.18515256727695892,0.802774399984628,ok
xgboost,0.0,1.0,friedman1,1000,10,4,2,0.97238820891915,0.97238820891915,0.1657629738161879,0.8016737001016736,ok
xgboost,0.0,1.0,friedman1,1000,10,4,3,0.9790461862422901,0.9790461862422901,0.1481198093277058,0.7722903999965638,ok
xgboost,0.0,1.0,friedman1,1000,10,5,0,0.9795672534583747,0.9795672534583747,0.14053209542920087,0.7672602999955416,ok
xgboost,0.0,1.0,friedman1,1000,10,4,4,0.9671882401266028,0.9671882401266028,0.17622914747646726,0.7772846999578178,ok
xgboost,0.0,1.0,friedman1,1000,10,5,2,0.9707083831178751,0.9707083831178751,0.17444276593094363,0.7667626000475138,ok
xgboost,0.0,1.0,friedman1,1000,10,5,1,0.9680672977700615,0.9680672977700615,0.18080634564267606,0.8189423000440001,ok
xgboost,0.0,1.0,friedman1,1000,10,5,4,0.9711849161342511,0.9711849161342511,0.16222157454242842,0.7191626999992877,ok
xgboost,0.0,1.0,friedman1,1000,10,5,3,0.9735454144061744,0.9735454144061744,0.1655773720995283,0.7940793000161648,ok
xgboost,0.0,1.0,friedman1,1000,10,6,0,0.9634161180734067,0.9634161180734067,0.18659494538979973,0.8049088000552729,ok
xgboost,0.0,1.0,friedman1,1000,10,6,1,0.9689870939586862,0.9689870939586862,0.17952117508432178,0.8458406000863761,ok
xgboost,0.0,1.0,friedman1,1000,10,6,3,0.9726279911600639,0.9726279911600639,0.17185994759609194,0.7719317999435589,ok
xgboost,0.0,1.0,friedman1,1000,10,6,2,0.9712775493307139,0.9712775493307139,0.16504497498661944,0.8266657000640407,ok
xgboost,0.0,1.0,friedman1,1000,10,7,0,0.9769575891493483,0.9769575891493483,0.14618246789901443,0.7917606000555679,ok
xgboost,0.0,1.0,friedman1,1000,10,6,4,0.9709041411142468,0.9709041411142468,0.16798991638969735,0.8067766999593005,ok
xgboost,0.0,1.0,friedman1,1000,10,7,1,0.9670206831121924,0.9670206831121924,0.17882338286196134,0.7773075000150129,ok
xgboost,0.0,1.0,friedman1,1000,10,7,3,0.9720660798910724,0.9720660798910724,0.15856327922653926,0.7351764000486583,ok
xgboost,0.0,1.0,friedman1,1000,10,7,2,0.9735719540947456,0.9735719540947456,0.1717331857855728,0.800563900033012,ok
xgboost,0.0,1.0,friedman1,1000,10,7,4,0.9731772175191188,0.9731772175191188,0.16939090257764564,0.7459304999792948,ok
xgboost,0.0,1.0,friedman1,1000,10,8,0,0.9783829526804491,0.9783829526804491,0.15474889164642525,0.7484201999614015,ok
geoxgb,0.0,1.0,friedman1,1000,10,8,0,0.9584620078417944,0.9584620078417944,0.21451225611531374,6.60897699999623,ok
xgboost,0.0,1.0,friedman1,1000,10,8,2,0.9666871825325545,0.9666871825325545,0.17878113221515035,0.7680653999559581,ok
xgboost,0.0,1.0,friedman1,1000,10,8,1,0.9697156143072689,0.9697156143072689,0.1601383684846046,0.8157410999992862,ok
xgboost,0.0,1.0,friedman1,1000,10,8,3,0.9615996985531043,0.9615996985531043,0.1888216974735878,0.7706428000237793,ok
xgboost,0.0,1.0,friedman1,1000,10,9,0,0.9728140044442649,0.9728140044442649,0.16556478879303377,0.7402583999792114,ok
xgboost,0.0,1.0,friedman1,1000,10,8,4,0.976354358096447,0.976354358096447,0.16326785561298776,0.7738909999607131,ok
xgboost,0.0,1.0,friedman1,1000,10,9,4,0.9778736281437203,0.9778736281437203,0.14754289609069748,0.6827743999892846,ok
xgboost,0.0,1.0,friedman1,1000,10,9,2,0.9671400117154941,0.9671400117154941,0.17949043488713173,0.7462155000539497,ok
xgboost,0.0,1.0,friedman1,1000,10,9,1,0.9679901147291955,0.9679901147291955,0.1860399074176975,0.812062400043942,ok
xgboost,0.0,1.0,friedman1,1000,10,9,3,0.9771673859827618,0.9771673859827618,0.14554637575096646,0.7638361999997869,ok
geoxgb,0.0,1.0,friedman1,1000,10,8,2,0.9534423074529866,0.9534423074529866,0.2113546099008838,6.555317200021818,ok
geoxgb,0.0,1.0,friedman1,1000,10,8,1,0.949103073288033,0.949103073288033,0.20760212513568188,7.028280699974857,ok
geoxgb,0.0,1.0,friedman1,1000,10,9,2,0.9615668035491629,0.9615668035491629,0.19411578859593281,5.96344640001189,ok
geoxgb,0.0,1.0,friedman1,1000,10,9,0,0.9611663614005059,0.9611663614005059,0.1978788605750711,6.662385400035419,ok
geoxgb,0.0,1.0,friedman1,1000,10,8,3,0.9257223023942653,0.9257223023942653,0.262611534525816,7.579873300041072,ok
geoxgb,0.0,1.0,friedman1,1000,10,8,4,0.9570003624581884,0.9570003624581884,0.22016969052921653,7.224375999998301,ok
geoxgb,0.0,1.0,friedman1,1000,10,9,4,0.9671024770190499,0.9671024770190499,0.17990564884279941,6.316176500055008,ok
geoxgb,0.0,1.0,friedman1,1000,10,9,1,0.9467526302081,0.9467526302081,0.23994579092888094,7.489875099970959,ok
geoxgb,0.0,1.0,friedman1,1000,10,9,3,0.9588080252522353,0.9588080252522353,0.1954924026918251,7.325442799949087,ok
geoxgb,0.5,0.9903891031812478,friedman1,1000,10,0,0,0.9377126094177062,0.9468123249798099,0.2416532900798492,6.719868400017731,ok
geoxgb,0.5,0.9903891031812478,friedman1,1000,10,0,3,0.946933583173627,0.9561227805636829,0.23638661187588575,6.5203302999725565,ok
geoxgb,0.5,0.9903891031812478,friedman1,1000,10,1,1,0.9585318102969018,0.9678335587679463,0.20526009760120656,6.5998733000596985,ok
geoxgb,0.5,0.9903891031812478,friedman1,1000,10,1,4,0.9461675939211969,0.955349358027056,0.23002410793472164,6.44582760008052,ok
geoxgb,0.5,0.9903891031812478,friedman1,1000,10,2,2,0.9493892882316568,0.9586023161827056,0.22663401871661057,6.216885800007731,ok
geoxgb,0.5,0.9903891031812478,friedman1,1000,10,0,2,0.9441021776576912,0.9532638986284506,0.2298460882435694,6.96871960000135,ok
geoxgb,0.5,0.9903891031812478,friedman1,1000,10,1,2,0.9220300157503377,0.9309775448747037,0.26770526105555253,6.853167499997653,ok
geoxgb,0.5,0.9903891031812478,friedman1,1000,10,0,4,0.9368019136586017,0.9458927916810497,0.2529575207414589,7.089399900054559,ok
geoxgb,0.5,0.9903891031812478,friedman1,1000,10,3,1,0.9491025164856501,0.9583127615570686,0.21912800630192408,5.9594696999993175,ok
geoxgb,0.5,0.9903891031812478,friedman1,1000,10,3,2,0.9491891840999178,0.9584002702079506,0.23220254693945291,5.76790830004029,ok
geoxgb,0.5,0.9903891031812478,friedman1,1000,10,2,4,0.9424667397446649,0.9516125901601192,0.24850634711947642,6.408740799990483,ok
geoxgb,0.5,0.9903891031812478,friedman1,1000,10,1,0,0.9543943400437719,0.9636559378310439,0.2162106203581689,7.453435200033709,ok
geoxgb,0.5,0.9903891031812478,friedman1,1000,10,0,1,0.9469801919714471,0.9561698416608522,0.23321034803558577,7.797902000020258,ok
geoxgb,0.5,0.9903891031812478,friedman1,1000,10,2,3,0.9395424100327129,0.9486598822773703,0.23064309349891074,6.618194999988191,ok
geoxgb,0.5,0.9903891031812478,friedman1,1000,10,2,0,0.9412061237104362,0.9503397409030148,0.24572025596761377,7.292803700082004,ok
geoxgb,0.5,0.9903891031812478,friedman1,1000,10,1,3,0.9411204300313767,0.9502532156385664,0.24851677125363164,7.709762400016189,ok
geoxgb,0.5,0.9903891031812478,friedman1,1000,10,3,0,0.9524123804349304,0.9616547449640432,0.2287661716026385,6.5905206999741495,ok
geoxgb,0.5,0.9903891031812478,friedman1,1000,10,3,4,0.9417606095717214,0.9508996075852147,0.2408068426841198,5.9237074999837205,ok
geoxgb,0.5,0.9903891031812478,friedman1,1000,10,2,1,0.9381403690269097,0.9472442356377822,0.24753383594655684,8.219770499970764,ok
geoxgb,0.5,0.9903891031812478,friedman1,1000,10,3,3,0.9466560288386547,0.955842532796335,0.21845473293286474,7.121994899935089,ok
geoxgb,0.5,0.9903891031812478,friedman1,1000,10,4,0,0.9382838388708334,0.9473890977363886,0.24366237487953601,6.133514399989508,ok
geoxgb,0.5,0.9903891031812478,friedman1,1000,10,4,3,0.9605995966478191,0.9699214112536767,0.20228984928462204,6.143264700076543,ok
geoxgb,0.5,0.9903891031812478,friedman1,1000,10,4,1,0.9487360584385599,0.9579427473415313,0.22075198664645335,6.434048099908978,ok
geoxgb,0.5,0.9903891031812478,friedman1,1000,10,5,0,0.9530720595328309,0.9623208256951231,0.21201373684428781,6.168721799971536,ok
geoxgb,0.5,0.9903891031812478,friedman1,1000,10,4,2,0.9502938361989929,0.959515642030527,0.22286676739589645,6.6751248999498785,ok
geoxgb,0.5,0.9903891031812478,friedman1,1000,10,5,1,0.9596690401990636,0.9689818245339052,0.2027926160199542,6.453765800106339,ok
geoxgb,0.5,0.9903891031812478,friedman1,1000,10,4,4,0.948684223817394,0.9578904097087774,0.2220434231867826,6.668668400030583,ok
geoxgb,0.5,0.9903891031812478,friedman1,1000,10,7,1,0.9509238415116001,0.9601517610170784,0.21820481543372441,5.747337899985723,ok
geoxgb,0.5,0.9903891031812478,friedman1,1000,10,5,2,0.9481390178650118,0.9573399129892244,0.23134469957459794,6.818590099923313,ok
geoxgb,0.5,0.9903891031812478,friedman1,1000,10,6,4,0.9305428638067503,0.9395730029921934,0.2559622978795658,6.777873600018211,ok
geoxgb,0.5,0.9903891031812478,friedman1,1000,10,5,3,0.9497286672047308,0.9589449885444914,0.23061132753555344,7.0202144999057055,ok
geoxgb,0.5,0.9903891031812478,friedman1,1000,10,7,3,0.9425845067095949,0.9517314999548169,0.22632572230528014,6.1311912999954075,ok
geoxgb,0.5,0.9903891031812478,friedman1,1000,10,6,3,0.9529804299001148,0.9622283068735591,0.22890549324272788,7.1440443999599665,ok
geoxgb,0.5,0.9903891031812478,friedman1,1000,10,6,1,0.9515275728868549,0.9607613510997192,0.22458882065308283,7.3250229000113904,ok
geoxgb,0.5,0.9903891031812478,friedman1,1000,10,7,2,0.937822198742155,0.9469229777768741,0.2646688113636862,6.810744900023565,ok
geoxgb,0.5,0.9903891031812478,friedman1,1000,10,7,0,0.9496370373053385,0.9588524694536634,0.21600415684128965,7.3187668999889866,ok
geoxgb,0.5,0.9903891031812478,friedman1,1000,10,6,2,0.9423450886968371,0.9514897585907522,0.2336619367754365,7.8070067999651656,ok
xgboost,0.5,0.9903891031812478,friedman1,1000,10,0,0,0.9589085917091372,0.9682139965282418,0.19627643291426378,1.035163100110367,ok
geoxgb,0.5,0.9903891031812478,friedman1,1000,10,6,0,0.9437217434720939,0.9528797726476869,0.23039071894047777,8.051690499996766,ok
xgboost,0.5,0.9903891031812478,friedman1,1000,10,0,3,0.9627433213494218,0.9720859390081893,0.19806834005347126,0.7968346000416204,ok
xgboost,0.5,0.9903891031812478,friedman1,1000,10,0,1,0.9639000812469986,0.9732539242918128,0.19243402060600517,0.9636393000837415,ok
xgboost,0.5,0.9903891031812478,friedman1,1000,10,0,2,0.9601412800186535,0.9694586470454545,0.19408918938797687,0.912493700045161,ok
geoxgb,0.5,0.9903891031812478,friedman1,1000,10,7,4,0.9549535717026285,0.9642205963648063,0.21925790003184484,6.8586035000626,ok
xgboost,0.5,0.9903891031812478,friedman1,1000,10,1,0,0.9631679467271256,0.97251468501957,0.19430349637836536,0.8249757000012323,ok
xgboost,0.5,0.9903891031812478,friedman1,1000,10,0,4,0.9608279203411785,0.9701519506372643,0.1991516672634732,0.9034197999862954,ok
xgboost,0.5,0.9903891031812478,friedman1,1000,10,1,1,0.9712149828195602,0.9806398108580778,0.1710134385010337,0.9191740000387654,ok
xgboost,0.5,0.9903891031812478,friedman1,1000,10,1,2,0.941277950093553,0.9504122643010268,0.23232384507097625,0.8313995000207797,ok
geoxgb,0.5,0.9903891031812478,friedman1,1000,10,5,4,0.9166309466579443,0.9255260823383622,0.2757630566770767,8.943175000022165,ok
xgboost,0.5,0.9903891031812478,friedman1,1000,10,2,1,0.9615355765310191,0.9708664740377819,0.19519132997278146,0.7891787000698969,ok
xgboost,0.5,0.9903891031812478,friedman1,1000,10,1,3,0.9628573883337723,0.9722011129170945,0.19738293693950704,0.9804000000003725,ok
xgboost,0.5,0.9903891031812478,friedman1,1000,10,2,0,0.9622966473225468,0.9716349303839625,0.1967727237330209,0.8173403000691906,ok
xgboost,0.5,0.9903891031812478,friedman1,1000,10,1,4,0.9552293270865813,0.9644990277238217,0.20977236302452879,0.8405219999840483,ok
xgboost,0.5,0.9903891031812478,friedman1,1000,10,2,3,0.9544183907380066,0.9636802219171242,0.2002672184847006,0.7737185000441968,ok
xgboost,0.5,0.9903891031812478,friedman1,1000,10,2,2,0.9590112908480187,0.9683176922762581,0.2039557708374084,0.9962783000664786,ok
xgboost,0.5,0.9903891031812478,friedman1,1000,10,2,4,0.9576744184329695,0.96696784663402,0.21314711568368652,0.8459230000153184,ok
xgboost,0.5,0.9903891031812478,friedman1,1000,10,3,1,0.9619270511387858,0.9712617475787663,0.18952128395728016,0.786878600018099,ok
xgboost,0.5,0.9903891031812478,friedman1,1000,10,3,0,0.9689380606767471,0.9783407930927376,0.1848243116196878,0.847315700026229,ok
xgboost,0.5,0.9903891031812478,friedman1,1000,10,3,3,0.9478001210571547,0.9569977274716652,0.2160993868265497,0.8169460999779403,ok
xgboost,0.5,0.9903891031812478,friedman1,1000,10,4,0,0.9563124947670616,0.9655927066395136,0.20500650570139026,0.8244519999716431,ok
xgboost,0.5,0.9903891031812478,friedman1,1000,10,3,4,0.9541160003290523,0.9633748970624959,0.2137425799379844,0.838506400003098,ok
xgboost,0.5,0.9903891031812478,friedman1,1000,10,4,1,0.9537822154706255,0.9630378731015551,0.2096057464829807,0.8303379999706522,ok
xgboost,0.5,0.9903891031812478,friedman1,1000,10,3,2,0.960877952645075,0.9702024684627694,0.20375096856186425,0.9772005999693647,ok
xgboost,0.5,0.9903891031812478,friedman1,1000,10,4,3,0.9618050651137837,0.9711385777815519,0.19917124765866356,0.8021741000702605,ok
xgboost,0.5,0.9903891031812478,friedman1,1000,10,4,2,0.9577021580065657,0.9669958553969467,0.2055887262237096,0.8340396999847144,ok
xgboost,0.5,0.9903891031812478,friedman1,1000,10,4,4,0.9629952012982602,0.9723402632409877,0.188556490381019,0.7836877000518143,ok
xgboost,0.5,0.9903891031812478,friedman1,1000,10,5,0,0.9652939303619915,0.9746612995451508,0.18232699335363328,0.8446801999816671,ok
xgboost,0.5,0.9903891031812478,friedman1,1000,10,5,1,0.9628015656924882,0.9721447485638269,0.1947579476068104,0.8212025999091566,ok
xgboost,0.5,0.9903891031812478,friedman1,1000,10,5,2,0.960049484556467,0.969365960785184,0.20304877728018347,0.8457110999152064,ok
xgboost,0.5,0.9903891031812478,friedman1,1000,10,6,0,0.9528903876898855,0.9621373908790879,0.2107897203696633,0.7878093000035733,ok
xgboost,0.5,0.9903891031812478,friedman1,1000,10,5,3,0.9634881004480724,0.9728379455642573,0.1965339804550017,0.8464396999916062,ok
xgboost,0.5,0.9903891031812478,friedman1,1000,10,5,4,0.9473127908289883,0.9565056681117621,0.21922306561941435,0.8348684000084177,ok
xgboost,0.5,0.9903891031812478,friedman1,1000,10,6,1,0.9593240641379166,0.9686335007689941,0.2057356383332305,0.8027182000223547,ok
xgboost,0.5,0.9903891031812478,friedman1,1000,10,6,3,0.9643716081340697,0.9737300269524303,0.19925764726784045,0.8277467999141663,ok
xgboost,0.5,0.9903891031812478,friedman1,1000,10,6,4,0.9545200763659605,0.9637828943189382,0.20712257052540042,0.8207816000794992,ok
xgboost,0.5,0.9903891031812478,friedman1,1000,10,6,2,0.954536096777481,0.9637990701951357,0.20749286973846712,0.874160899897106,ok
xgboost,0.5,0.9903891031812478,friedman1,1000,10,7,1,0.9499931647849378,0.9592120528522038,0.22026410839933866,0.7953593001002446,ok
geoxgb,0.5,0.9903891031812478,friedman1,1000,10,8,0,0.9548235053285196,0.9640892678054642,0.22312702043190583,6.305196100031026,ok
xgboost,0.5,0.9903891031812478,friedman1,1000,10,7,0,0.9560227811073823,0.9653001815513954,0.20184609618893928,0.8298295999411494,ok
geoxgb,0.5,0.9903891031812478,friedman1,1000,10,8,2,0.943219746512013,0.9523729042275191,0.23433708189599742,5.855477600009181,ok
xgboost,0.5,0.9903891031812478,friedman1,1000,10,7,3,0.9575272459319311,0.9668192459471125,0.1946590395852296,0.818786000018008,ok
xgboost,0.5,0.9903891031812478,friedman1,1000,10,7,2,0.961559288540696,0.9708904161526546,0.20810417600812267,0.8389436000725254,ok
xgboost,0.5,0.9903891031812478,friedman1,1000,10,7,4,0.9684314916987766,0.9778293082870755,0.1835490325627268,0.8070819000713527,ok
xgboost,0.5,0.9903891031812478,friedman1,1000,10,8,0,0.9605720911016803,0.9698936387892478,0.2084480194925435,0.8247541000600904,ok
xgboost,0.5,0.9903891031812478,friedman1,1000,10,8,1,0.9538742305076362,0.9631307810674395,0.1968367553547707,0.8499181000515819,ok
xgboost,0.5,0.9903891031812478,friedman1,1000,10,8,2,0.951253677961072,0.9604847982530621,0.21712672442966757,0.8253588000079617,ok
xgboost,0.5,0.9903891031812478,friedman1,1000,10,8,3,0.9527897208266795,0.9620357471282805,0.20831407759931683,0.8163342999760062,ok
xgboost,0.5,0.9903891031812478,friedman1,1000,10,8,4,0.9673742953988049,0.9767618527823897,0.19303563123927042,0.8264215999515727,ok
geoxgb,0.5,0.9903891031812478,friedman1,1000,10,8,1,0.9468258578861324,0.9560140098924906,0.2113414249726386,6.59159520000685,ok
xgboost,0.5,0.9903891031812478,friedman1,1000,10,9,1,0.963785215420135,0.9731379437882969,0.19919235300967106,0.7734926000703126,ok
xgboost,0.5,0.9903891031812478,friedman1,1000,10,9,0,0.9531099247161481,0.9623590583283331,0.21654505577299357,0.7972459000302479,ok
geoxgb,0.5,0.9903891031812478,friedman1,1000,10,9,2,0.9476807088918147,0.9568771565112654,0.22754668314843945,5.792347199982032,ok
xgboost,0.5,0.9903891031812478,friedman1,1000,10,9,2,0.9570996444312405,0.966387494931964,0.20604877160874852,0.8488276000134647,ok
xgboost,0.5,0.9903891031812478,friedman1,1000,10,9,3,0.9639597928810578,0.9733142153772735,0.1835417890119163,0.8230656000087038,ok
xgboost,0.5,0.9903891031812478,friedman1,1000,10,9,4,0.9601835066185765,0.969501283419166,0.19573800155040538,0.8193629999877885,ok
geoxgb,0.5,0.9903891031812478,friedman1,1000,10,8,4,0.942403143329427,0.951548376594932,0.2564820177089125,6.515647399937734,ok
geoxgb,0.5,0.9903891031812478,friedman1,1000,10,9,0,0.9394819188733696,0.9485988041019855,0.24600865230062105,6.447718599927612,ok
geoxgb,0.5,0.9903891031812478,friedman1,1000,10,8,3,0.9161806236088754,0.9250713892812371,0.27757001470070763,7.123685700003989,ok
geoxgb,0.5,0.9903891031812478,friedman1,1000,10,9,4,0.9477212231900357,0.9569180639668209,0.2242881631011347,6.136602099984884,ok
geoxgb,0.5,0.9903891031812478,friedman1,1000,10,9,1,0.9413682571231262,0.950503447684692,0.2534522265628739,7.284127500024624,ok
geoxgb,0.5,0.9903891031812478,friedman1,1000,10,9,3,0.9591562684088178,0.9684640767228694,0.19539076272793954,7.323264200007543,ok
geoxgb,1.0,0.9623683086819345,friedman1,1000,10,0,3,0.9106328034985999,0.9462414704260245,0.3067815456131186,6.098936899914406,ok
geoxgb,1.0,0.9623683086819345,friedman1,1000,10,0,0,0.9048687299053879,0.9402520030451769,0.298291779642341,6.2685291999951005,ok
geoxgb,1.0,0.9623683086819345,friedman1,1000,10,0,2,0.9083943700748881,0.9439155070671753,0.2914548045086544,6.519656899967231,ok
geoxgb,1.0,0.9623683086819345,friedman1,1000,10,1,0,0.9123371020947558,0.9480124125702958,0.30241663925187384,6.1321386999916285,ok
geoxgb,1.0,0.9623683086819345,friedman1,1000,10,1,1,0.9261974528092096,0.9624147475073606,0.27173139537508867,6.185463299974799,ok
geoxgb,1.0,0.9623683086819345,friedman1,1000,10,2,2,0.9141810994506003,0.9499285161443735,0.2969308885787043,5.90425449993927,ok
geoxgb,1.0,0.9623683086819345,friedman1,1000,10,1,4,0.9231199912061503,0.9592169472729843,0.27788849184220155,6.233056199969724,ok
geoxgb,1.0,0.9623683086819345,friedman1,1000,10,2,3,0.90893924845879,0.9444816919456531,0.28596256022310274,6.147453500074334,ok
geoxgb,1.0,0.9623683086819345,friedman1,1000,10,1,2,0.8783883361449115,0.9127361408523079,0.33143852926286943,6.488664600066841,ok
geoxgb,1.0,0.9623683086819345,friedman1,1000,10,2,4,0.915176797605182,0.9509631492942798,0.3004459728264425,6.098280999925919,ok
geoxgb,1.0,0.9623683086819345,friedman1,1000,10,0,4,0.9215946281323201,0.9576319376045765,0.2844114393392697,6.672255599987693,ok
geoxgb,1.0,0.9623683086819345,friedman1,1000,10,3,0,0.9286497740289978,0.9649629623619695,0.2809863289325801,6.0779019999317825,ok
geoxgb,1.0,0.9623683086819345,friedman1,1000,10,2,1,0.9135375390356001,0.9492597904504843,0.2893482919742928,6.513607499888167,ok
geoxgb,1.0,0.9623683086819345,friedman1,1000,10,2,0,0.9008555048067765,0.9360818479575597,0.31916090039875544,6.553464600001462,ok
geoxgb,1.0,0.9623683086819345,friedman1,1000,10,3,1,0.9176909387317859,0.9535756014125829,0.277391901667819,5.980831900029443,ok
geoxgb,1.0,0.9623683086819345,friedman1,1000,10,0,1,0.9200638248524832,0.956041275000637,0.28599517627466964,7.363997399923392,ok
geoxgb,1.0,0.9623683086819345,friedman1,1000,10,1,3,0.9283191111338331,0.9646193694857478,0.2731418294188426,7.021594499936327,ok
geoxgb,1.0,0.9623683086819345,friedman1,1000,10,3,3,0.9143539187519141,0.9501080932353423,0.2764117235407003,6.07465319999028,ok
geoxgb,1.0,0.9623683086819345,friedman1,1000,10,3,4,0.9034652099272227,0.9387936009287485,0.31128623901535507,6.084897199994884,ok
geoxgb,1.0,0.9623683086819345,friedman1,1000,10,4,0,0.9078748586488229,0.9433756810760465,0.29613598407949815,5.853769000037573,ok
geoxgb,1.0,0.9623683086819345,friedman1,1000,10,4,1,0.9294094284664421,0.9657523217273924,0.2588606173807164,5.977280499995686,ok
geoxgb,1.0,0.9623683086819345,friedman1,1000,10,4,3,0.9121151878113063,0.9477818207257311,0.30111632840853625,5.730344100040384,ok
geoxgb,1.0,0.9623683086819345,friedman1,1000,10,4,4,0.922789663676003,0.9588737028756292,0.2743483280296163,5.955418199999258,ok
geoxgb,1.0,0.9623683086819345,friedman1,1000,10,5,2,0.9310077031072818,0.9674130940392204,0.2656334557940375,5.802540000062436,ok
geoxgb,1.0,0.9623683086819345,friedman1,1000,10,5,1,0.928084100837955,0.9643751695326135,0.2702358535148138,6.203054300043732,ok
geoxgb,1.0,0.9623683086819345,friedman1,1000,10,4,2,0.9147739025952869,0.950544499795683,0.29242225911151015,6.569411300006323,ok
geoxgb,1.0,0.9623683086819345,friedman1,1000,10,7,1,0.9076122768659985,0.9431028315022861,0.2996754718258141,5.974680199986324,ok
geoxgb,1.0,0.9623683086819345,friedman1,1000,10,6,4,0.9031022627818048,0.9384164613844145,0.29847476062890643,6.330396100063808,ok
geoxgb,1.0,0.9623683086819345,friedman1,1000,10,7,0,0.9231793142690412,0.9592785900581382,0.2662772992418338,6.367491399985738,ok
geoxgb,1.0,0.9623683086819345,friedman1,1000,10,6,3,0.9221786211906209,0.9582387666668309,0.29851313350950387,6.563891700003296,ok
geoxgb,1.0,0.9623683086819345,friedman1,1000,10,6,1,0.9352906341800521,0.9718635014706914,0.259525447984238,6.743811299907975,ok
geoxgb,1.0,0.9623683086819345,friedman1,1000,10,7,2,0.9135673793961787,0.9492907976649877,0.31341175949122163,5.936927599948831,ok
geoxgb,1.0,0.9623683086819345,friedman1,1000,10,5,3,0.9209725888428189,0.9569855745813041,0.29206989321356924,7.050683600013144,ok
geoxgb,1.0,0.9623683086819345,friedman1,1000,10,6,0,0.9083026480161798,0.943820198381425,0.29290445798629006,7.009936200105585,ok
geoxgb,1.0,0.9623683086819345,friedman1,1000,10,6,2,0.9085495554534199,0.9440767606923538,0.29434787462035333,6.9419193000067025,ok
geoxgb,1.0,0.9623683086819345,friedman1,1000,10,7,3,0.9179771329071493,0.953872986699257,0.2695616129906353,6.235536599997431,ok
xgboost,1.0,0.9623683086819345,friedman1,1000,10,0,0,0.9222886859390592,0.9583531353003836,0.26960116468955087,0.8566951000830159,ok
geoxgb,1.0,0.9623683086819345,friedman1,1000,10,5,4,0.8988245443694617,0.9339714704451327,0.3039251365660539,7.818842899985611,ok
xgboost,1.0,0.9623683086819345,friedman1,1000,10,0,3,0.9263446253732915,0.9625676749913127,0.2785110210759907,0.8334602999966592,ok
xgboost,1.0,0.9623683086819345,friedman1,1000,10,0,2,0.9236724410157944,0.959790999644265,0.26604237910614864,0.890078500029631,ok
xgboost,1.0,0.9623683086819345,friedman1,1000,10,0,4,0.935513950157937,0.9720955498204452,0.2579330763840422,0.8811456999974325,ok
xgboost,1.0,0.9623683086819345,friedman1,1000,10,0,1,0.9312967743715487,0.9677134689182133,0.2651402064349807,1.165576700004749,ok
xgboost,1.0,0.9623683086819345,friedman1,1000,10,1,1,0.9367654690058566,0.9733960070743147,0.25152507910949434,0.7916137001011521,ok
xgboost,1.0,0.9623683086819345,friedman1,1000,10,1,0,0.9301251680044169,0.9664960489797529,0.269996515639116,0.86284680000972,ok
xgboost,1.0,0.9623683086819345,friedman1,1000,10,1,2,0.905773428436453,0.9411920781940605,0.2917440937871496,0.8895394999999553,ok
xgboost,1.0,0.9623683086819345,friedman1,1000,10,1,3,0.9242567512489381,0.9603981582839172,0.28077503315622665,0.8307569000171497,ok
xgboost,1.0,0.9623683086819345,friedman1,1000,10,1,4,0.9207846951224467,0.9567903336130832,0.28207746928791466,0.8312743999995291,ok
xgboost,1.0,0.9623683086819345,friedman1,1000,10,2,0,0.9220377808524286,0.9580924190191354,0.2830202270007863,0.856681999983266,ok
xgboost,1.0,0.9623683086819345,friedman1,1000,10,2,1,0.9275497346780459,0.9638199079398445,0.26486655132749876,0.9004878000123426,ok
geoxgb,1.0,0.9623683086819345,friedman1,1000,10,3,2,0.8309388637956627,0.8634312417599471,0.42293805321940736,14.770904600038193,ok
xgboost,1.0,0.9623683086819345,friedman1,1000,10,2,3,0.9145205525035165,0.9502812429017425,0.2770603730869333,0.848101600073278,ok
xgboost,1.0,0.9623683086819345,friedman1,1000,10,2,2,0.9189059396818962,0.954838112801569,0.2886412705985513,0.8694124999456108,ok
xgboost,1.0,0.9623683086819345,friedman1,1000,10,3,0,0.9343984224372401,0.9709364013835804,0.2694291962249057,0.8641436999896541,ok
xgboost,1.0,0.9623683086819345,friedman1,1000,10,2,4,0.9367132537887966,0.9733417500745892,0.25951677679096197,0.8716126000508666,ok
xgboost,1.0,0.9623683086819345,friedman1,1000,10,3,1,0.928319688527864,0.9646199694577394,0.25886294964456497,0.846201500040479,ok
xgboost,1.0,0.9623683086819345,friedman1,1000,10,3,2,0.9338310797046953,0.9703468737282881,0.2645951590901276,0.8973467999603599,ok
xgboost,1.0,0.9623683086819345,friedman1,1000,10,3,3,0.9132855157472921,0.9489979122422824,0.2781304467606267,0.8594717000378296,ok
xgboost,1.0,0.9623683086819345,friedman1,1000,10,3,4,0.9112538118970439,0.9468867622470889,0.298464613683615,0.8548821000149474,ok
xgboost,1.0,0.9623683086819345,friedman1,1000,10,4,1,0.9179261178441122,0.9538199767834307,0.2791226770349023,0.8469917000038549,ok
xgboost,1.0,0.9623683086819345,friedman1,1000,10,4,0,0.9264956844863784,0.9627246410008167,0.264520002315998,0.8906325000571087,ok
xgboost,1.0,0.9623683086819345,friedman1,1000,10,4,3,0.9261049636612344,0.9623186417366896,0.2761118369805566,0.8384953000349924,ok
xgboost,1.0,0.9623683086819345,friedman1,1000,10,4,4,0.9285712252573085,0.9648813420810639,0.26387679218266674,0.8385857999091968,ok
xgboost,1.0,0.9623683086819345,friedman1,1000,10,4,2,0.9230229341953837,0.9591160950214181,0.2779104025280057,0.8518246000166982,ok
xgboost,1.0,0.9623683086819345,friedman1,1000,10,5,0,0.9124950499554965,0.9481765366996086,0.28832277368799514,0.8160662999143824,ok
xgboost,1.0,0.9623683086819345,friedman1,1000,10,5,1,0.9292748782011852,0.9656125101146834,0.2679892437232517,0.8787778000114486,ok
xgboost,1.0,0.9623683086819345,friedman1,1000,10,5,2,0.9260448519516437,0.9622561794662174,0.27502151863334867,0.7989888000302017,ok
xgboost,1.0,0.9623683086819345,friedman1,1000,10,5,3,0.930652529537163,0.9670440320419429,0.27359819405351915,0.831539599923417,ok
geoxgb,1.0,0.9623683086819345,friedman1,1000,10,8,0,0.9156960589859284,0.951502715462515,0.3038292772607381,5.85922300000675,ok
xgboost,1.0,0.9623683086819345,friedman1,1000,10,5,4,0.907532609871715,0.9430200492726919,0.29055164329584265,0.8704772000201046,ok
geoxgb,1.0,0.9623683086819345,friedman1,1000,10,8,1,0.9227645002893523,0.9588475555197534,0.2539404815243097,5.910143200075254,ok
xgboost,1.0,0.9623683086819345,friedman1,1000,10,6,0,0.9170034339256082,0.9528612129607029,0.278661933745579,0.8230504000093788,ok
xgboost,1.0,0.9623683086819345,friedman1,1000,10,6,1,0.9212777671073982,0.9573026862960459,0.2862497259754868,0.8631535000167787,ok
xgboost,1.0,0.9623683086819345,friedman1,1000,10,6,2,0.9150909762222689,0.950873972019697,0.28362526694985113,0.8644717000424862,ok
geoxgb,1.0,0.9623683086819345,friedman1,1000,10,7,4,0.9217943834880986,0.9578395040362394,0.2886171093994672,6.336205799947493,ok
xgboost,1.0,0.9623683086819345,friedman1,1000,10,6,3,0.9279667959673776,0.964253277664896,0.28719729754624335,0.8910159000661224,ok
xgboost,1.0,0.9623683086819345,friedman1,1000,10,6,4,0.9266223246945599,0.962856233247817,0.25973637151469353,0.8621745000127703,ok
geoxgb,1.0,0.9623683086819345,friedman1,1000,10,8,2,0.9056694647489951,0.9410840491925649,0.3035473873430835,6.3073696999344975,ok
xgboost,1.0,0.9623683086819345,friedman1,1000,10,7,0,0.932326536378295,0.968783497926293,0.24992186672924982,0.90440579992719,ok
xgboost,1.0,0.9623683086819345,friedman1,1000,10,7,1,0.8950586532647313,0.9300583209048199,0.3193871082850097,0.8780176000436768,ok
geoxgb,1.0,0.9623683086819345,friedman1,1000,10,9,0,0.9151101386739888,0.9508938837848155,0.2902117352494362,5.848279400030151,ok
xgboost,1.0,0.9623683086819345,friedman1,1000,10,7,2,0.9251805394939591,0.961358069615875,0.29159745773708423,0.8589216999243945,ok
xgboost,1.0,0.9623683086819345,friedman1,1000,10,7,3,0.9290798090300845,0.965409813112568,0.25065450909146675,0.8704504000488669,ok
xgboost,1.0,0.9623683086819345,friedman1,1000,10,7,4,0.9337043713838036,0.9702152107051518,0.2657330346935203,0.875962599995546,ok
xgboost,1.0,0.9623683086819345,friedman1,1000,10,8,0,0.9302443763924397,0.9666199187985608,0.2763727975633929,0.8715833000605926,ok
xgboost,1.0,0.9623683086819345,friedman1,1000,10,8,1,0.9075894404801855,0.9430791021404534,0.27776930890037166,0.842918699956499,ok
xgboost,1.0,0.9623683086819345,friedman1,1000,10,8,2,0.9050203390342912,0.940409540577882,0.3045900115437679,0.8394169000675902,ok
xgboost,1.0,0.9623683086819345,friedman1,1000,10,8,3,0.9095851784560681,0.9451528798800966,0.2873510624715353,0.8872627000091597,ok
xgboost,1.0,0.9623683086819345,friedman1,1000,10,8,4,0.9348870045520022,0.971444088628011,0.27381840143411335,0.8493707000743598,ok
xgboost,1.0,0.9623683086819345,friedman1,1000,10,9,0,0.9140011043963447,0.9497414827054792,0.29210130344546115,0.8545147000113502,ok
geoxgb,1.0,0.9623683086819345,friedman1,1000,10,8,4,0.9290090957216625,0.9653363346867053,0.28591052783454074,6.4514601000119,ok
geoxgb,1.0,0.9623683086819345,friedman1,1000,10,8,3,0.8874439974830483,0.9221459076291664,0.3206101909700237,6.774782599997707,ok
geoxgb,1.0,0.9623683086819345,friedman1,1000,10,9,2,0.9035122790875634,0.9388425106444115,0.3105114805350162,5.903404700104147,ok
xgboost,1.0,0.9623683086819345,friedman1,1000,10,9,1,0.9357890711984205,0.9723814289771064,0.26696332242862286,0.837789100012742,ok
xgboost,1.0,0.9623683086819345,friedman1,1000,10,9,2,0.913943236696471,0.9496813521927102,0.2932473807214211,0.8600723000708967,ok
xgboost,1.0,0.9623683086819345,friedman1,1000,10,9,3,0.9322761326972363,0.9687311232994439,0.2524019005566916,0.8658357999520376,ok
xgboost,1.0,0.9623683086819345,friedman1,1000,10,9,4,0.9342016588990579,0.9707319437591895,0.2488072964446416,0.8524078999180347,ok
geoxgb,1.0,0.9623683086819345,friedman1,1000,10,9,1,0.9116328315537136,0.9472806027894782,0.31317897051027843,6.395465200068429,ok
geoxgb,1.0,0.9623683086819345,friedman1,1000,10,9,4,0.9246945940944644,0.960853122190746,0.2661758912328767,6.335518899955787,ok
geoxgb,1.0,0.9623683086819345,friedman1,1000,10,5,0,0.8518846456976432,0.8851960709973811,0.37511348552821344,13.634372800006531,ok
geoxgb,1.0,0.9623683086819345,friedman1,1000,10,9,3,0.928248400157138,0.9645458934827902,0.2597990389566867,6.705805000034161,ok
geoxgb,2.0,0.862412901240678,friedman1,1000,10,0,1,0.7909882939249289,0.917180497632866,0.46201738192139763,6.051726199919358,ok
geoxgb,2.0,0.862412901240678,friedman1,1000,10,1,2,0.6962764957298311,0.8073586268574588,0.5193267794814501,5.730595899978653,ok
geoxgb,2.0,0.862412901240678,friedman1,1000,10,1,3,0.8252166897798191,0.9568696022434868,0.4224626396519542,6.231098699965514,ok
geoxgb,2.0,0.862412901240678,friedman1,1000,10,2,2,0.7704795163148995,0.8933998032803985,0.48988607407220736,11.739937499980442,ok
geoxgb,2.0,0.862412901240678,friedman1,1000,10,0,2,0.7403973842592155,0.8585184465516118,0.48142123342242793,12.55254760000389,ok
geoxgb,2.0,0.862412901240678,friedman1,1000,10,0,0,0.7038818127280448,0.8161772762390632,0.5260553722070295,12.743579800007865,ok
geoxgb,2.0,0.862412901240678,friedman1,1000,10,1,1,0.7594695364062098,0.8806333199719385,0.4836801667624088,12.642790599958971,ok
geoxgb,2.0,0.862412901240678,friedman1,1000,10,1,0,0.7643678339140955,0.8863130790535094,0.5026758437805164,13.123044700012542,ok
geoxgb,2.0,0.862412901240678,friedman1,1000,10,0,3,0.7522961082158157,0.8723154618090164,0.5108707108583602,13.325983599992469,ok
geoxgb,2.0,0.862412901240678,friedman1,1000,10,0,4,0.7387173781231708,0.856570416630413,0.5270170405989674,13.310256400029175,ok
geoxgb,2.0,0.862412901240678,friedman1,1000,10,2,0,0.719794554889326,0.8346286956674934,0.5389488697782411,13.030477400054224,ok
geoxgb,2.0,0.862412901240678,friedman1,1000,10,3,0,0.7490031739824772,0.86849718146024,0.5281891434044734,12.945320200058632,ok
geoxgb,2.0,0.862412901240678,friedman1,1000,10,2,4,0.7271054232329928,0.8431059208262884,0.5340131662880788,13.026225500041619,ok
geoxgb,2.0,0.862412901240678,friedman1,1000,10,3,1,0.7179500934206001,0.8324899736399445,0.5100141936303556,12.924297399935313,ok
geoxgb,2.0,0.862412901240678,friedman1,1000,10,1,4,0.7222462677820671,0.837471548423075,0.5369184138668724,13.441985699930228,ok
geoxgb,2.0,0.862412901240678,friedman1,1000,10,3,3,0.7556771966863411,0.876235960291427,0.46543933778567753,12.746051899972372,ok
geoxgb,2.0,0.862412901240678,friedman1,1000,10,2,3,0.7150390347900928,0.8291144923289397,0.5146899982491665,13.305762300034985,ok
geoxgb,2.0,0.862412901240678,friedman1,1000,10,2,1,0.7356943899316184,0.853065148808928,0.49532686122395997,13.937079999945126,ok
geoxgb,2.0,0.862412901240678,friedman1,1000,10,3,4,0.7174524328961858,0.8319129176570175,0.5384009976444347,13.343184700002894,ok
geoxgb,2.0,0.862412901240678,friedman1,1000,10,3,2,0.7285146649332512,0.8447399892617572,0.5338973333123785,13.713022899930365,ok
geoxgb,2.0,0.862412901240678,friedman1,1000,10,4,0,0.731160445132373,0.847807870314227,0.5004716356847377,13.215046199969947,ok
geoxgb,2.0,0.862412901240678,friedman1,1000,10,4,2,0.7539017719049363,0.8741772888837398,0.4986973505042678,12.742383799981326,ok
geoxgb,2.0,0.862412901240678,friedman1,1000,10,5,4,0.7531115453511807,0.8732609916523106,0.4764944020413424,6.031517200055532,ok
geoxgb,2.0,0.862412901240678,friedman1,1000,10,5,3,0.7913085625779684,0.9175518611091995,0.4831169678117432,6.30298080004286,ok
geoxgb,2.0,0.862412901240678,friedman1,1000,10,6,4,0.7709624216262856,0.8939597500422006,0.44986152422822845,6.015472799888812,ok
geoxgb,2.0,0.862412901240678,friedman1,1000,10,4,1,0.758367024521285,0.8793549162243384,0.47892032031529924,14.010885700001381,ok
geoxgb,2.0,0.862412901240678,friedman1,1000,10,4,4,0.738885928236579,0.8567658567880981,0.5109097107030498,12.401019400102086,ok
geoxgb,2.0,0.862412901240678,friedman1,1000,10,5,0,0.7471658067887998,0.8663666855098268,0.4870138846568565,12.418716399930418,ok
geoxgb,2.0,0.862412901240678,friedman1,1000,10,4,3,0.703667360847852,0.8159286112667694,0.5506846711069584,12.829409800004214,ok
geoxgb,2.0,0.862412901240678,friedman1,1000,10,5,1,0.7521465341637338,0.8721420251038526,0.49967521741717497,12.757152799982578,ok
geoxgb,2.0,0.862412901240678,friedman1,1000,10,6,1,0.8071047838534944,0.9358681702145032,0.447521985946218,11.886306899948977,ok
geoxgb,2.0,0.862412901240678,friedman1,1000,10,7,0,0.7636027087976371,0.8854258878770351,0.46382393344841594,12.179095900035463,ok
xgboost,2.0,0.862412901240678,friedman1,1000,10,0,0,0.7929276822735589,0.9194292909264729,0.43990605651666576,0.9425197999225929,ok
geoxgb,2.0,0.862412901240678,friedman1,1000,10,6,0,0.7433592487606677,0.8619528391693373,0.48712090558262383,13.182774100103416,ok
geoxgb,2.0,0.862412901240678,friedman1,1000,10,5,2,0.771960650636832,0.8951172338983794,0.4774418930444584,13.606275400030427,ok
xgboost,2.0,0.862412901240678,friedman1,1000,10,0,1,0.8025719040872266,0.9306121266653554,0.449032203002604,0.9412185000255704,ok
geoxgb,2.0,0.862412901240678,friedman1,1000,10,6,2,0.7092430195572456,0.8223937959844057,0.5264168777138997,13.327775800018571,ok
geoxgb,2.0,0.862412901240678,friedman1,1000,10,7,2,0.7513320276270572,0.8711975743245277,0.5352630392680424,12.88613609992899,ok
xgboost,2.0,0.862412901240678,friedman1,1000,10,0,2,0.7951423390525716,0.9219972682559245,0.42765821016950456,0.920369099942036,ok
xgboost,2.0,0.862412901240678,friedman1,1000,10,0,3,0.7865552490183483,0.9120402163358178,0.4742281490158704,0.943989000050351,ok
geoxgb,2.0,0.862412901240678,friedman1,1000,10,6,3,0.735111522480041,0.8523892922085237,0.5610104981158061,13.931756400037557,ok
xgboost,2.0,0.862412901240678,friedman1,1000,10,0,4,0.8305840782099216,0.9630932897861719,0.42437179021391747,0.9859643999952823,ok
geoxgb,2.0,0.862412901240678,friedman1,1000,10,7,4,0.741005747116039,0.859223866027536,0.5246016373366261,13.087646900094114,ok
xgboost,2.0,0.862412901240678,friedman1,1000,10,1,0,0.8092214787754278,0.9383225571084008,0.4523092473356864,0.9448393000056967,ok
xgboost,2.0,0.862412901240678,friedman1,1000,10,1,1,0.805703626018741,0.9342434753233001,0.4347159582614931,0.9910479999380186,ok
xgboost,2.0,0.862412901240678,friedman1,1000,10,1,2,0.7089704010996264,0.8220776846910484,0.5083585090281887,1.029389400035143,ok
xgboost,2.0,0.862412901240678,friedman1,1000,10,1,3,0.8342086540178091,0.9672961209389447,0.4114520750287722,0.9874839000403881,ok
geoxgb,2.0,0.862412901240678,friedman1,1000,10,7,1,0.7338716349206893,0.850951596230683,0.5103975388610122,14.646442999946885,ok
xgboost,2.0,0.862412901240678,friedman1,1000,10,1,4,0.7900091423541863,0.9160451347813434,0.46685126565453094,1.0753433000063524,ok
xgboost,2.0,0.862412901240678,friedman1,1000,10,2,0,0.7827353958064438,0.9076109537327083,0.47457381241314683,0.9957083000335842,ok
xgboost,2.0,0.862412901240678,friedman1,1000,10,2,1,0.7932536386395106,0.9198072495185612,0.43808423702308835,0.9698923999676481,ok
geoxgb,2.0,0.862412901240678,friedman1,1000,10,7,3,0.7659279042671899,0.8881220389506191,0.453590971637354,14.234533199924044,ok
xgboost,2.0,0.862412901240678,friedman1,1000,10,2,3,0.8091265856863157,0.9382125250240296,0.42123627475045305,0.9813133000861853,ok
xgboost,2.0,0.862412901240678,friedman1,1000,10,2,4,0.8156608801319811,0.9457892837161423,0.43889766176645506,0.9490072999615222,ok
xgboost,2.0,0.862412901240678,friedman1,1000,10,2,2,0.7986931714906198,0.926114591214498,0.4587896608114047,1.37280270003248,ok
xgboost,2.0,0.862412901240678,friedman1,1000,10,3,0,0.8099100286949201,0.9391209564812555,0.45965814285178114,0.9571614000014961,ok
xgboost,2.0,0.862412901240678,friedman1,1000,10,3,1,0.7998740308360931,0.9274838417715972,0.4296066611500924,0.9364087000722066,ok
xgboost,2.0,0.862412901240678,friedman1,1000,10,3,2,0.8076276173676504,0.9364744152201192,0.44942365369239823,0.9684319000225514,ok
xgboost,2.0,0.862412901240678,friedman1,1000,10,3,3,0.7771605327466712,0.9011466916005527,0.44450550141753403,0.9539564000442624,ok
xgboost,2.0,0.862412901240678,friedman1,1000,10,3,4,0.7611831599678673,0.8826203305549113,0.49498557600147913,0.9360005999915302,ok
xgboost,2.0,0.862412901240678,friedman1,1000,10,4,0,0.7966091294645044,0.9236980665740187,0.4353099685351221,0.9617437000852078,ok
xgboost,2.0,0.862412901240678,friedman1,1000,10,4,2,0.8131420032239329,0.9428685517739086,0.43454890691715403,0.9227162000024691,ok
xgboost,2.0,0.862412901240678,friedman1,1000,10,4,1,0.7887088374912048,0.9145373826812636,0.4478430405153086,0.9652086000423878,ok
xgboost,2.0,0.862412901240678,friedman1,1000,10,4,3,0.7868972118666512,0.9124367350425892,0.46699024547089163,0.9228425000328571,ok
xgboost,2.0,0.862412901240678,friedman1,1000,10,4,4,0.818502870246602,0.9490846775008739,0.42595517544792116,0.933236200013198,ok
xgboost,2.0,0.862412901240678,friedman1,1000,10,5,0,0.7683802086387815,0.8909655775480401,0.46613452662629434,0.9464635999174789,ok
xgboost,2.0,0.862412901240678,friedman1,1000,10,5,1,0.8219605785893127,0.9530940195894911,0.42349510915573635,0.9446605000412092,ok
xgboost,2.0,0.862412901240678,friedman1,1000,10,5,3,0.796476453569305,0.9235442239134919,0.4770976819622956,0.9543233999283984,ok
xgboost,2.0,0.862412901240678,friedman1,1000,10,5,2,0.8222373864780159,0.9534149886848108,0.4215371356919529,0.9998448999831453,ok
xgboost,2.0,0.862412901240678,friedman1,1000,10,5,4,0.7658860335846279,0.8880734883288673,0.46400330466333545,0.990785300033167,ok
xgboost,2.0,0.862412901240678,friedman1,1000,10,6,0,0.7708922543484364,0.8938783884603548,0.4602500512086666,0.9741829000413418,ok
xgboost,2.0,0.862412901240678,friedman1,1000,10,6,2,0.7921826428199723,0.918565389826994,0.44504675497391016,0.9912984999828041,ok
xgboost,2.0,0.862412901240678,friedman1,1000,10,6,3,0.8278236393729459,0.9598924577566366,0.4522996133483152,0.9523845999501646,ok
xgboost,2.0,0.862412901240678,friedman1,1000,10,6,1,0.8010220137755215,0.9288149709068141,0.4545233127350865,1.008378400001675,ok
xgboost,2.0,0.862412901240678,friedman1,1000,10,6,4,0.7799181636101783,0.9043442676798761,0.4409786660445586,1.0009440999710932,ok
xgboost,2.0,0.862412901240678,friedman1,1000,10,7,0,0.8334980833733056,0.9664721877122022,0.38926156579105786,0.9458154999883845,ok
xgboost,2.0,0.862412901240678,friedman1,1000,10,7,1,0.7773724923777763,0.9013924667168574,0.4668231671158246,0.9389051999896765,ok
xgboost,2.0,0.862412901240678,friedman1,1000,10,7,2,0.8151414256014592,0.9451869567683722,0.4615057633139657,0.9335990999825299,ok
xgboost,2.0,0.862412901240678,friedman1,1000,10,7,3,0.7895365709136088,0.9154971705290721,0.4301083767956891,0.9465872999280691,ok
xgboost,2.0,0.862412901240678,friedman1,1000,10,7,4,0.7964700313438704,0.9235367771030079,0.46504904945158726,0.9582650000229478,ok
xgboost,2.0,0.862412901240678,friedman1,1000,10,8,0,0.7915077729414917,0.917782852973116,0.4742755261333591,0.9425843000644818,ok
xgboost,2.0,0.862412901240678,friedman1,1000,10,8,3,0.7734693458969553,0.8968666224545487,0.45439365662049797,0.8966854000464082,ok
xgboost,2.0,0.862412901240678,friedman1,1000,10,8,1,0.7742099083868259,0.8977253323472293,0.4330191839099215,0.9422133999178186,ok
xgboost,2.0,0.862412901240678,friedman1,1000,10,8,2,0.7632037677849047,0.8849633008584985,0.48652640594793356,1.012395599973388,ok
geoxgb,2.0,0.862412901240678,friedman1,1000,10,8,0,0.7443244590396099,0.863072036571827,0.5252068382947656,12.752530300058424,ok
xgboost,2.0,0.862412901240678,friedman1,1000,10,8,4,0.8440128284230877,0.9786644276875731,0.4242488576995669,0.98084689991083,ok
xgboost,2.0,0.862412901240678,friedman1,1000,10,9,0,0.7873765778151797,0.9129925777808401,0.45620836387508273,0.9817721999716014,ok
xgboost,2.0,0.862412901240678,friedman1,1000,10,9,1,0.8117679746512187,0.9412753142762581,0.4623547503284616,0.9361887000268325,ok
xgboost,2.0,0.862412901240678,friedman1,1000,10,9,2,0.7959592424281765,0.9229444982595918,0.45570994127293774,0.9631853000028059,ok
xgboost,2.0,0.862412901240678,friedman1,1000,10,9,3,0.8055381828246011,0.9340516377546576,0.4295555703136873,0.9608156000031158,ok
geoxgb,2.0,0.862412901240678,friedman1,1000,10,8,1,0.7427704540841877,0.8612701097300711,0.46218422981248347,13.176764399977401,ok
xgboost,2.0,0.862412901240678,friedman1,1000,10,9,4,0.8007959623368632,0.9285528558128341,0.4240125302912489,0.9102093999972567,ok
geoxgb,2.0,0.862412901240678,friedman1,1000,10,8,2,0.6788363562073054,0.7871361330874375,0.5666073589439077,13.230195499956608,ok
geoxgb,2.0,0.862412901240678,friedman1,1000,10,8,4,0.7816794854043609,0.9063865861466439,0.5019073009279464,12.876563599915244,ok
geoxgb,2.0,0.862412901240678,friedman1,1000,10,9,0,0.692599024121502,0.8030944610465826,0.5485425387003364,13.325747099937871,ok
geoxgb,2.0,0.862412901240678,friedman1,1000,10,8,3,0.6996383001582498,0.8112567647721194,0.5232280848540665,14.362385999993421,ok
geoxgb,2.0,0.862412901240678,friedman1,1000,10,9,4,0.7184772486124569,0.833101229792419,0.5040648010644337,12.301848700037226,ok
geoxgb,2.0,0.862412901240678,friedman1,1000,10,9,2,0.7414861109912534,0.8597808658990863,0.5129463923362865,13.230692800018005,ok
geoxgb,2.0,0.862412901240678,friedman1,1000,10,9,3,0.7869822367362282,0.9125353245574894,0.44958322195855216,14.296632999903522,ok
geoxgb,2.0,0.862412901240678,friedman1,1000,10,9,1,0.7284767915453272,0.8446960736525756,0.5553055893680608,14.729459899943322,ok
geoxgb,4.0,0.595732113314596,friedman1,1000,10,0,1,0.49409211084593097,0.8293863966755967,0.7206868085976529,9.354679799987935,ok
geoxgb,4.0,0.595732113314596,friedman1,1000,10,2,2,0.528303001043287,0.886813030950875,0.7055598677507403,8.66757890000008,ok
geoxgb,4.0,0.595732113314596,friedman1,1000,10,0,2,0.39300904131970316,0.6597076647975862,0.7154870659337755,9.786967399995774,ok
geoxgb,4.0,0.595732113314596,friedman1,1000,10,0,4,0.49667873833071285,0.833728327263139,0.7413102225135252,9.98726120009087,ok
geoxgb,4.0,0.595732113314596,friedman1,1000,10,1,0,0.47126651099388417,0.7910711886451828,0.7615792969345664,9.830754299997352,ok
geoxgb,4.0,0.595732113314596,friedman1,1000,10,1,1,0.4751764103996413,0.7976343725299709,0.7019558520335378,9.827095899963751,ok
geoxgb,4.0,0.595732113314596,friedman1,1000,10,0,0,0.4455754452402595,0.7479459899536399,0.7230450482031648,10.387596699991263,ok
geoxgb,4.0,0.595732113314596,friedman1,1000,10,0,3,0.46095469811828427,0.7737617090231662,0.7541307863937325,10.641827100072987,ok
geoxgb,4.0,0.595732113314596,friedman1,1000,10,1,3,0.5413929893649508,0.9087859748783602,0.6711596920674157,10.096708999946713,ok
geoxgb,4.0,0.595732113314596,friedman1,1000,10,1,2,0.35420053305453947,0.5945634373876572,0.7657103052145248,10.435439400025643,ok
geoxgb,4.0,0.595732113314596,friedman1,1000,10,2,0,0.4544110459202032,0.7627774896872758,0.7648358456863047,10.178796999971382,ok
geoxgb,4.0,0.595732113314596,friedman1,1000,10,1,4,0.5183099483433333,0.8700386243399014,0.7155982784092713,10.277375699952245,ok
geoxgb,4.0,0.595732113314596,friedman1,1000,10,2,3,0.43972019610264845,0.73811732870348,0.7353724527389548,10.246209500008263,ok
geoxgb,4.0,0.595732113314596,friedman1,1000,10,2,1,0.4876249270944213,0.8185305377971371,0.6711874369200596,10.462817099993117,ok
geoxgb,4.0,0.595732113314596,friedman1,1000,10,2,4,0.4261874066091065,0.715401095700282,0.7627141696934397,9.852156499982812,ok
geoxgb,4.0,0.595732113314596,friedman1,1000,10,3,0,0.5193973226951458,0.8718638983640974,0.7258059698062971,9.93346950004343,ok
geoxgb,4.0,0.595732113314596,friedman1,1000,10,3,1,0.4315161162660971,0.7243459041769347,0.7212184720797048,9.418423200026155,ok
geoxgb,4.0,0.595732113314596,friedman1,1000,10,3,2,0.4771045621034271,0.8008709811677994,0.7348207564344407,10.794865799951367,ok
geoxgb,4.0,0.595732113314596,friedman1,1000,10,3,3,0.4816177978516861,0.8084469295637114,0.674477534323147,9.72849689994473,ok
geoxgb,4.0,0.595732113314596,friedman1,1000,10,3,4,0.37842350201349384,0.6352242787584205,0.8175012178293644,10.177707700058818,ok
geoxgb,4.0,0.595732113314596,friedman1,1000,10,4,2,0.4753309172062917,0.7978937287123845,0.7312161556197516,9.155902700033039,ok
geoxgb,4.0,0.595732113314596,friedman1,1000,10,4,0,0.42551254307297015,0.7142682651527034,0.7193706923641373,9.969131999998353,ok
geoxgb,4.0,0.595732113314596,friedman1,1000,10,4,4,0.5238852061799825,0.8793972902772283,0.6998435938109557,9.584908799966797,ok
geoxgb,4.0,0.595732113314596,friedman1,1000,10,6,1,0.4968670937440657,0.8340445019482753,0.718515322408801,8.925984699977562,ok
geoxgb,4.0,0.595732113314596,friedman1,1000,10,5,1,0.5227394242940184,0.8774739729667195,0.689461521269084,9.6992326999316,ok
geoxgb,4.0,0.595732113314596,friedman1,1000,10,5,0,0.40923669807565677,0.6869475204193766,0.7412276250473364,9.775353700038977,ok
geoxgb,4.0,0.595732113314596,friedman1,1000,10,4,3,0.38308255398761826,0.6430449952684,0.7952106461294217,10.007618300034665,ok
geoxgb,4.0,0.595732113314596,friedman1,1000,10,4,1,0.4933351554115334,0.828115766106118,0.6960155728811627,10.72236100002192,ok
geoxgb,4.0,0.595732113314596,friedman1,1000,10,5,3,0.5277181275178826,0.8858312582508099,0.7422589597126957,9.528689700062387,ok
geoxgb,4.0,0.595732113314596,friedman1,1000,10,6,2,0.42275724159074146,0.7096431972393783,0.7499508577897227,9.684003899921663,ok
geoxgb,4.0,0.595732113314596,friedman1,1000,10,5,2,0.5334925859874966,0.8955243037330913,0.6665919824325355,10.212548900046386,ok
geoxgb,4.0,0.595732113314596,friedman1,1000,10,7,0,0.4439855441697568,0.7452771711423514,0.6973714812511015,8.854130499996245,ok
geoxgb,4.0,0.595732113314596,friedman1,1000,10,6,0,0.38533599954218156,0.6468276443890346,0.7514465944794448,10.231328699970618,ok
geoxgb,4.0,0.595732113314596,friedman1,1000,10,6,4,0.4163810226773276,0.6989400325603127,0.7087963666790286,9.791142200003378,ok
geoxgb,4.0,0.595732113314596,friedman1,1000,10,5,4,0.4824801929137962,0.8098945518134367,0.6985491855393615,10.543007400003262,ok
xgboost,4.0,0.595732113314596,friedman1,1000,10,0,0,0.4206239669709382,0.7060622678717571,0.7391360605565024,0.9919517000671476,ok
geoxgb,4.0,0.595732113314596,friedman1,1000,10,6,3,0.5094304013816113,0.8551333560770961,0.7689925817607925,10.791765599977225,ok
xgboost,4.0,0.595732113314596,friedman1,1000,10,0,1,0.4528896370620036,0.7602236423720208,0.7494597560200508,0.9972682000370696,ok
xgboost,4.0,0.595732113314596,friedman1,1000,10,0,2,0.4185068852158216,0.7025085199575521,0.7002981267034266,0.9853735999204218,ok
xgboost,4.0,0.595732113314596,friedman1,1000,10,0,3,0.44352909592292755,0.7445109739932845,0.7662231491997591,0.970050000003539,ok
xgboost,4.0,0.595732113314596,friedman1,1000,10,0,4,0.5482808622538109,0.9203480054201361,0.7022820948734927,0.9438527999445796,ok
xgboost,4.0,0.595732113314596,friedman1,1000,10,1,0,0.5090030951578818,0.8544160769273251,0.7338986644512626,0.9708590999944136,ok
xgboost,4.0,0.595732113314596,friedman1,1000,10,1,1,0.47303306654087685,0.7940365408689596,0.7033877615557731,0.9417585000628605,ok
xgboost,4.0,0.595732113314596,friedman1,1000,10,1,2,0.259034349234876,0.43481683032602336,0.8201904132799005,0.9553477000445127,ok
xgboost,4.0,0.595732113314596,friedman1,1000,10,1,3,0.5479482347552607,0.919789654626019,0.6663457101814709,0.9238119999645278,ok
xgboost,4.0,0.595732113314596,friedman1,1000,10,1,4,0.4939067378882429,0.829075228360938,0.7335010270555818,0.9625579999992624,ok
xgboost,4.0,0.595732113314596,friedman1,1000,10,2,0,0.4197757482072825,0.704638442053578,0.7887391315939946,0.9272091999882832,ok
xgboost,4.0,0.595732113314596,friedman1,1000,10,2,1,0.4071746386165407,0.6834861333075706,0.7219601220809553,0.9400803999742493,ok
xgboost,4.0,0.595732113314596,friedman1,1000,10,2,2,0.5105083596308762,0.8569428241671528,0.7187451930985305,0.9460706000681967,ok
xgboost,4.0,0.595732113314596,friedman1,1000,10,2,3,0.46651225799358664,0.783090667041529,0.7175746627941808,0.9907145000761375,ok
xgboost,4.0,0.595732113314596,friedman1,1000,10,2,4,0.4985279815321554,0.8368324795492287,0.7130174021676299,0.9515862999251112,ok
xgboost,4.0,0.595732113314596,friedman1,1000,10,3,0,0.4652163838828932,0.7809154038960132,0.765625676616486,0.9607144000474364,ok
xgboost,4.0,0.595732113314596,friedman1,1000,10,3,1,0.4467455499048033,0.7499101356466318,0.7114923269811855,0.9438369000563398,ok
xgboost,4.0,0.595732113314596,friedman1,1000,10,3,2,0.4994974045110617,0.83845975959212,0.7189143556303239,0.9674062000121921,ok
xgboost,4.0,0.595732113314596,friedman1,1000,10,3,3,0.4241468080452311,0.7119757329940116,0.7108833405953224,0.9417126999469474,ok
xgboost,4.0,0.595732113314596,friedman1,1000,10,3,4,0.42070450963013595,0.7061974673303688,0.7892074740193386,0.966054099961184,ok
xgboost,4.0,0.595732113314596,friedman1,1000,10,4,0,0.42535089456950215,0.7139969208691652,0.7194718930218411,0.9817269999766722,ok
xgboost,4.0,0.595732113314596,friedman1,1000,10,4,1,0.45735304394809073,0.7677159476990799,0.7203063719966017,0.9593755999812856,ok
xgboost,4.0,0.595732113314596,friedman1,1000,10,4,2,0.4608334388155031,0.7735581623281483,0.7412496757766519,0.9815323000075296,ok
xgboost,4.0,0.595732113314596,friedman1,1000,10,4,3,0.4549348846061938,0.7636568088884449,0.7474684282559918,0.9810508000664413,ok
xgboost,4.0,0.595732113314596,friedman1,1000,10,4,4,0.5065074375267415,0.8502268489583062,0.7125009690661465,0.9940624999580905,ok
xgboost,4.0,0.595732113314596,friedman1,1000,10,5,1,0.4720336372127364,0.7923588919630113,0.7251625708394577,0.9527639999287203,ok
xgboost,4.0,0.595732113314596,friedman1,1000,10,5,0,0.3578454330871007,0.6006817915120998,0.7727955808979485,0.9796774000860751,ok
xgboost,4.0,0.595732113314596,friedman1,1000,10,5,2,0.5221751073432032,0.8765267066733591,0.6746292952266955,0.9761063000187278,ok
xgboost,4.0,0.595732113314596,friedman1,1000,10,5,3,0.4426599962714888,0.7430520973740551,0.8063338993022037,0.9599868000950664,ok
geoxgb,4.0,0.595732113314596,friedman1,1000,10,7,1,0.42523675420206075,0.7138053240676997,0.7571356750045155,10.948889999999665,ok
xgboost,4.0,0.595732113314596,friedman1,1000,10,5,4,0.37602134737738513,0.6311920055563879,0.7670406290162741,0.8714789999648929,ok
xgboost,4.0,0.595732113314596,friedman1,1000,10,6,0,0.38143734433269894,0.6402833350890191,0.753825943504835,0.973243199987337,ok
xgboost,4.0,0.595732113314596,friedman1,1000,10,6,1,0.4910323657845661,0.8242502876880506,0.722669549780896,0.9686422999948263,ok
xgboost,4.0,0.595732113314596,friedman1,1000,10,6,2,0.4182602431049073,0.7020945048232294,0.752866429168747,0.9817375000566244,ok
xgboost,4.0,0.595732113314596,friedman1,1000,10,6,3,0.5797135522235957,0.9731111337915384,0.711777946902972,0.9513321999693289,ok
xgboost,4.0,0.595732113314596,friedman1,1000,10,6,4,0.37648244914854134,0.6319660141432184,0.7326239658139934,0.9060662001138553,ok
geoxgb,4.0,0.595732113314596,friedman1,1000,10,7,2,0.4594367150318407,0.771213612231812,0.7937107421071954,10.068913200055249,ok
xgboost,4.0,0.595732113314596,friedman1,1000,10,7,0,0.5053975490831712,0.8483637826256974,0.6577324573420107,0.9703019000589848,ok
xgboost,4.0,0.595732113314596,friedman1,1000,10,7,1,0.39918621638700025,0.670076713115173,0.7741037286511996,0.9504927999805659,ok
geoxgb,4.0,0.595732113314596,friedman1,1000,10,7,4,0.4495184609929058,0.75456476316482,0.7649478421389528,9.649684999953024,ok
xgboost,4.0,0.595732113314596,friedman1,1000,10,7,2,0.49281845870879626,0.8272484354868868,0.7688129767000501,0.938310099998489,ok
xgboost,4.0,0.595732113314596,friedman1,1000,10,7,4,0.48662476415833245,0.8168516574518692,0.7387166743240161,0.9709945000940934,ok
xgboost,4.0,0.595732113314596,friedman1,1000,10,7,3,0.4421652862395661,0.7422216737308337,0.7019347448406211,0.9930494000436738,ok
xgboost,4.0,0.595732113314596,friedman1,1000,10,8,0,0.44562338705803606,0.7480264654168642,0.7626241209234663,0.9934250999940559,ok
xgboost,4.0,0.595732113314596,friedman1,1000,10,8,1,0.4500011855032109,0.7553750678294775,0.6790823135417368,0.9977806999813765,ok
geoxgb,4.0,0.595732113314596,friedman1,1000,10,7,3,0.4923038895470324,0.8263846761724848,0.6696469416541778,10.719882400007918,ok
xgboost,4.0,0.595732113314596,friedman1,1000,10,8,2,0.41812903442687777,0.7018742570388696,0.7791948938900892,0.9986783999484032,ok
xgboost,4.0,0.595732113314596,friedman1,1000,10,8,3,0.3782253356613121,0.6348916353642627,0.7625910707269372,0.9453387000830844,ok
xgboost,4.0,0.595732113314596,friedman1,1000,10,8,4,0.567655039897517,0.9528696325251615,0.6941565557929478,0.933105600066483,ok
xgboost,4.0,0.595732113314596,friedman1,1000,10,9,0,0.40852498590348973,0.6857528354993256,0.7556073917331824,0.9340187999187037,ok
geoxgb,4.0,0.595732113314596,friedman1,1000,10,8,0,0.4627270378876561,0.7767367706821906,0.7507676998827126,9.668871600064449,ok
xgboost,4.0,0.595732113314596,friedman1,1000,10,9,1,0.5059515867496018,0.8492937940419831,0.7593559139807116,0.9399467998882756,ok
xgboost,4.0,0.595732113314596,friedman1,1000,10,9,3,0.4793375279288258,0.8046192528749845,0.7038204227262456,0.9694695000071079,ok
xgboost,4.0,0.595732113314596,friedman1,1000,10,9,4,0.4169981088082432,0.6999758775603114,0.7066333185653655,0.9452628999715671,ok
xgboost,4.0,0.595732113314596,friedman1,1000,10,9,2,0.47875369214008345,0.803639222126778,0.7376517618639653,1.001904399949126,ok
geoxgb,4.0,0.595732113314596,friedman1,1000,10,8,2,0.4287546753189523,0.7197105305158096,0.7720476114139062,9.735402700025588,ok
geoxgb,4.0,0.595732113314596,friedman1,1000,10,8,1,0.4229066799417315,0.7098940454774538,0.6956079975456837,10.150664399960078,ok
geoxgb,4.0,0.595732113314596,friedman1,1000,10,8,4,0.5621087809069425,0.943559644249197,0.6985947981604546,9.569242600002326,ok
geoxgb,4.0,0.595732113314596,friedman1,1000,10,9,4,0.42337275863204527,0.7106764083548226,0.7027594708328146,8.939519800012931,ok
geoxgb,4.0,0.595732113314596,friedman1,1000,10,9,0,0.4302585139497226,0.7222348843271278,0.7415952135927276,9.929638499976136,ok
geoxgb,4.0,0.595732113314596,friedman1,1000,10,9,2,0.4654608190419609,0.7813257144258715,0.7469983802432931,9.750767900026403,ok
geoxgb,4.0,0.595732113314596,friedman1,1000,10,8,3,0.3734998084487524,0.6269593330643795,0.7654834560041464,10.637613300001249,ok
geoxgb,4.0,0.595732113314596,friedman1,1000,10,9,1,0.46951246953015835,0.7881268426471696,0.7868613528509648,10.701918799895793,ok
geoxgb,4.0,0.595732113314596,friedman1,1000,10,9,3,0.47007465321495046,0.7890705280255926,0.7100535006800313,10.62849949998781,ok
geoxgb,8.0,0.22533063362956696,friedman1,1000,10,0,0,0.048793626999773076,0.2165423591715786,0.9579500603907833,6.011172899976373,ok
geoxgb,8.0,0.22533063362956696,friedman1,1000,10,0,1,-0.0336024852285326,-0.14912524181587095,1.0389328749527378,5.891303200041875,ok
geoxgb,8.0,0.22533063362956696,friedman1,1000,10,1,0,0.013684056986058457,0.06072879113522757,1.0320975533293444,5.89536369999405,ok
geoxgb,8.0,0.22533063362956696,friedman1,1000,10,1,2,-0.09886662484907438,-0.4387624676527848,1.045197068908657,5.818965699989349,ok
geoxgb,8.0,0.22533063362956696,friedman1,1000,10,0,4,0.02669130048180446,0.1184539361198607,1.0248101733516635,5.99186449998524,ok
geoxgb,8.0,0.22533063362956696,friedman1,1000,10,0,2,-0.11774808769765421,-0.5225569457689742,0.9550107134039296,6.289501600083895,ok
geoxgb,8.0,0.22533063362956696,friedman1,1000,10,1,4,0.023932472545058037,0.10621047018578887,1.00572723701081,5.768820500001311,ok
geoxgb,8.0,0.22533063362956696,friedman1,1000,10,0,3,-0.013740497227448856,-0.060979268580221506,1.0351647971375788,6.347553200088441,ok
geoxgb,8.0,0.22533063362956696,friedman1,1000,10,1,1,0.04517475660182069,0.20048209102401,0.9428884291335788,6.3310714000836015,ok
geoxgb,8.0,0.22533063362956696,friedman1,1000,10,1,3,0.10055012268920505,0.44623370142607754,0.9201700163020269,6.263117399998009,ok
geoxgb,8.0,0.22533063362956696,friedman1,1000,10,2,0,-0.0010566125997009124,-0.004689165350850316,1.0646337404990793,6.3350353999994695,ok
geoxgb,8.0,0.22533063362956696,friedman1,1000,10,2,2,0.07651553428137081,0.33957004890492953,0.975961502403026,5.924435599939898,ok
geoxgb,8.0,0.22533063362956696,friedman1,1000,10,2,1,0.027771201156053027,0.12324645215220752,0.9180008003531528,5.983021299936809,ok
geoxgb,8.0,0.22533063362956696,friedman1,1000,10,2,3,0.0025506590323982614,0.011319628367048511,0.9823929839588996,6.475338000105694,ok
geoxgb,8.0,0.22533063362956696,friedman1,1000,10,3,0,0.041150397677288564,0.1826222960209569,1.0020375003049036,6.3244630000554025,ok
geoxgb,8.0,0.22533063362956696,friedman1,1000,10,2,4,0.03847529013562989,0.17075037475322363,0.9755810664182892,6.398163500009105,ok
geoxgb,8.0,0.22533063362956696,friedman1,1000,10,3,1,-0.11429701596268571,-0.5072413551660475,1.0182135777364574,6.384980200091377,ok
geoxgb,8.0,0.22533063362956696,friedman1,1000,10,3,2,0.04757862347146968,0.2111502670768091,0.9821245198291503,5.973375500063412,ok
geoxgb,8.0,0.22533063362956696,friedman1,1000,10,3,3,0.041203497677301915,0.18285794973194164,0.9133739351816609,5.984799500089139,ok
geoxgb,8.0,0.22533063362956696,friedman1,1000,10,3,4,-0.011743189667146714,-0.052115371434369506,1.0711543152988243,6.060045600053854,ok
geoxgb,8.0,0.22533063362956696,friedman1,1000,10,4,1,0.015536146137084761,0.06894822016355512,0.9784433879814302,6.144574800040573,ok
geoxgb,8.0,0.22533063362956696,friedman1,1000,10,4,0,-0.09517185159882202,-0.4223653484917639,0.981828941976525,6.254698900040239,ok
geoxgb,8.0,0.22533063362956696,friedman1,1000,10,5,1,0.12636462998845566,0.5607964969210232,0.9300857918707292,5.788195500033908,ok
geoxgb,8.0,0.22533063362956696,friedman1,1000,10,4,2,0.12083753015872956,0.5362676535023676,0.9471965685920775,5.954868600005284,ok
geoxgb,8.0,0.22533063362956696,friedman1,1000,10,4,4,0.08210824458897692,0.36439006657194706,0.9737934045543525,5.987001199973747,ok
geoxgb,8.0,0.22533063362956696,friedman1,1000,10,4,3,-0.023743495893487232,-0.10537180635865265,1.0370144446006846,6.083686799975112,ok
geoxgb,8.0,0.22533063362956696,friedman1,1000,10,5,0,0.005016578821219864,0.02226319049662322,0.9679444492996652,6.272715200087987,ok
geoxgb,8.0,0.22533063362956696,friedman1,1000,10,5,2,0.07023854135092533,0.311713237652339,0.9153263349261446,6.247756500029936,ok
geoxgb,8.0,0.22533063362956696,friedman1,1000,10,6,0,-0.07726878887271349,-0.3429129347753922,1.0025974459427456,5.7237573999445885,ok
geoxgb,8.0,0.22533063362956696,friedman1,1000,10,5,3,-0.013004660463813433,-0.05771368168782807,1.093141738141683,6.13868920004461,ok
geoxgb,8.0,0.22533063362956696,friedman1,1000,10,6,2,-0.07700506081743153,-0.3417425299749711,1.0428330864342739,5.883497299975716,ok
geoxgb,8.0,0.22533063362956696,friedman1,1000,10,6,1,0.19170940017269822,0.8507915549905191,0.9009175317894523,6.033817299990915,ok
geoxgb,8.0,0.22533063362956696,friedman1,1000,10,5,4,-0.07173406325960041,-0.3183502487173043,1.0251166032305008,6.358794400002807,ok
geoxgb,8.0,0.22533063362956696,friedman1,1000,10,6,3,0.11695391136636546,0.5190324523678934,1.0011847008479011,6.133007200085558,ok
geoxgb,8.0,0.22533063362956696,friedman1,1000,10,7,1,-0.12104118669286335,-0.5371714655178639,1.0710885309675733,5.78111009998247,ok
xgboost,8.0,0.22533063362956696,friedman1,1000,10,0,0,-0.044111289636672435,-0.19576250652713886,1.0036421435043743,0.9644489999627694,ok
xgboost,8.0,0.22533063362956696,friedman1,1000,10,0,1,0.003710817412457601,0.016468321917374143,1.0200076380633518,0.9261813000775874,ok
geoxgb,8.0,0.22533063362956696,friedman1,1000,10,7,0,-0.00857348820028947,-0.03804848041382551,0.9119968324086692,6.2112435000017285,ok
geoxgb,8.0,0.22533063362956696,friedman1,1000,10,6,4,-0.05060841357063439,-0.2245962422216957,0.9720521779583168,6.25049540004693,ok
xgboost,8.0,0.22533063362956696,friedman1,1000,10,0,2,-0.10924221300937997,-0.484808528914755,0.951370038606542,0.9517220999114215,ok
geoxgb,8.0,0.22533063362956696,friedman1,1000,10,7,2,-0.011576503984483733,-0.05137563321068437,1.081451715131483,6.153206099988893,ok
geoxgb,8.0,0.22533063362956696,friedman1,1000,10,7,4,0.090456443113336,0.4014387287528875,0.9866902614725708,5.798649700009264,ok
geoxgb,8.0,0.22533063362956696,friedman1,1000,10,7,3,-0.028241071668073436,-0.12533170130121074,0.9679077220761703,6.231980200042017,ok
xgboost,8.0,0.22533063362956696,friedman1,1000,10,0,3,-0.006819014886765062,-0.03026226295522341,1.031624864256852,0.9609646999742836,ok
xgboost,8.0,0.22533063362956696,friedman1,1000,10,0,4,0.1508238885893981,0.6693448030565854,0.9572315615528731,1.0004503999371082,ok
xgboost,8.0,0.22533063362956696,friedman1,1000,10,1,0,0.054161990146872396,0.24036674141658065,1.010697294853713,0.9304902999429032,ok
xgboost,8.0,0.22533063362956696,friedman1,1000,10,1,1,0.009925070443958739,0.04404669832986442,0.9601352000206442,0.9537948000943288,ok
xgboost,8.0,0.22533063362956696,friedman1,1000,10,1,2,-0.20803884541925344,-0.9232603755122776,1.0958879242805437,0.9766641999594867,ok
xgboost,8.0,0.22533063362956696,friedman1,1000,10,1,4,0.001862824036709787,0.008267069624328945,1.017033820437123,0.981334500014782,ok
xgboost,8.0,0.22533063362956696,friedman1,1000,10,1,3,0.1010190590959874,0.44831480508796695,0.9199301155091083,0.9989439999917522,ok
xgboost,8.0,0.22533063362956696,friedman1,1000,10,2,0,0.0030495887840276126,0.013533840183669807,1.0624480036324133,0.9677436000201851,ok
xgboost,8.0,0.22533063362956696,friedman1,1000,10,2,1,-0.09355250863501441,-0.41517882911921494,0.9735956835048863,1.0186723999213427,ok
xgboost,8.0,0.22533063362956696,friedman1,1000,10,2,2,0.0595062947674343,0.2640843537734859,0.9849083882889763,1.0319807000923902,ok
xgboost,8.0,0.22533063362956696,friedman1,1000,10,2,3,-0.022099169802392904,-0.09807441379108225,0.9944577715853784,1.0137890999903902,ok
xgboost,8.0,0.22533063362956696,friedman1,1000,10,2,4,0.057298532053773776,0.25428647286356054,0.9659846606401109,0.9982941000489518,ok
xgboost,8.0,0.22533063362956696,friedman1,1000,10,3,0,-0.07485371853502176,-0.3321950385941655,1.0609218899942525,0.9807163999648765,ok
xgboost,8.0,0.22533063362956696,friedman1,1000,10,3,1,-0.008901434661764407,-0.03950388155566078,0.9688638904345209,1.035333100007847,ok
xgboost,8.0,0.22533063362956696,friedman1,1000,10,3,2,0.10104981403803925,0.44845129315244564,0.9541569103403709,1.1063378000399098,ok
xgboost,8.0,0.22533063362956696,friedman1,1000,10,3,4,-0.004848124903370943,-0.021515604981349468,1.0674980985204348,1.0964718000032008,ok
xgboost,8.0,0.22533063362956696,friedman1,1000,10,4,0,-0.05991446924536614,-0.2658958006742338,0.9658954136288208,0.9179353000363335,ok
xgboost,8.0,0.22533063362956696,friedman1,1000,10,3,3,-0.06883055163268392,-0.3054646877079223,0.9643614097151796,1.197791300015524,ok
xgboost,8.0,0.22533063362956696,friedman1,1000,10,4,1,0.009047607763524979,0.04015258652491442,0.9816625213509411,0.973326199920848,ok
xgboost,8.0,0.22533063362956696,friedman1,1000,10,4,3,0.005022083233186758,0.022287618653053756,1.0223414019216626,0.9599612000165507,ok
xgboost,8.0,0.22533063362956696,friedman1,1000,10,4,2,0.09990295094964241,0.4433616030826869,0.9584075246565064,0.9941712999716401,ok
xgboost,8.0,0.22533063362956696,friedman1,1000,10,4,4,0.008787189265900275,0.038996869286517,1.0119394976145015,0.9166413999628276,ok
xgboost,8.0,0.22533063362956696,friedman1,1000,10,5,0,-0.1469964479136432,-0.6523589160775116,1.0392584107919536,1.0025530999992043,ok
xgboost,8.0,0.22533063362956696,friedman1,1000,10,5,1,0.011056249587691913,0.049066784260980115,0.9895635750994789,0.9583628000691533,ok
xgboost,8.0,0.22533063362956696,friedman1,1000,10,5,3,-0.026004389358241342,-0.11540547745048879,1.1001334364870783,0.9315831999992952,ok
xgboost,8.0,0.22533063362956696,friedman1,1000,10,5,2,0.016674592577928027,0.07400055779961227,0.9413233209374716,0.9905725000426173,ok
xgboost,8.0,0.22533063362956696,friedman1,1000,10,5,4,-0.09338595013340178,-0.41443965531523747,1.035419869984888,0.9837761000962928,ok
xgboost,8.0,0.22533063362956696,friedman1,1000,10,6,0,-0.05424245786019832,-0.24072385093173967,0.9918244419141571,0.9784805999370292,ok
xgboost,8.0,0.22533063362956696,friedman1,1000,10,6,1,0.13617153323353992,0.6043187783219904,0.9313545276456648,1.0117998000932857,ok
xgboost,8.0,0.22533063362956696,friedman1,1000,10,6,2,-0.02184810298465556,-0.09696019858787963,1.0157786987201851,1.0037039999151602,ok
xgboost,8.0,0.22533063362956696,friedman1,1000,10,6,3,0.09044302124132608,0.4013791635184863,1.01610239289622,0.9898524999152869,ok
xgboost,8.0,0.22533063362956696,friedman1,1000,10,6,4,-0.03474392210248567,-0.154190850763785,0.9646851262410382,0.98948820005171,ok
geoxgb,8.0,0.22533063362956696,friedman1,1000,10,8,0,0.09654182705901371,0.4284451940863219,0.9601933604400518,5.8961294000037014,ok
xgboost,8.0,0.22533063362956696,friedman1,1000,10,7,0,0.004191294219596964,0.018600640987355744,0.9062072144283981,0.9738115000072867,ok
xgboost,8.0,0.22533063362956696,friedman1,1000,10,7,1,-0.05524197846443779,-0.2451596464032184,1.0391796043122217,0.9839067000430077,ok
xgboost,8.0,0.22533063362956696,friedman1,1000,10,7,3,0.029685534040453487,0.1317421140760431,0.9402486838998997,0.9486750999931246,ok
xgboost,8.0,0.22533063362956696,friedman1,1000,10,7,2,0.0040197070624246045,0.0178391503972461,1.0730825675051512,1.0226098999846727,ok
geoxgb,8.0,0.22533063362956696,friedman1,1000,10,8,2,0.043610401131425114,0.19353960191279884,1.0199646700059377,6.064804600086063,ok
xgboost,8.0,0.22533063362956696,friedman1,1000,10,7,4,0.06060920221335275,0.26897897208682,1.0027490095867453,1.0019129000138491,ok
xgboost,8.0,0.22533063362956696,friedman1,1000,10,8,0,-0.010221734550724504,-0.04536327079046233,1.0153435798503216,0.9351322000147775,ok
geoxgb,8.0,0.22533063362956696,friedman1,1000,10,8,1,-0.04703057143439637,-0.20871805434014995,0.9537975083043064,6.342004299978726,ok
geoxgb,8.0,0.22533063362956696,friedman1,1000,10,8,3,-0.0994128236317251,-0.4411864557890302,1.0464234297849768,6.17400009999983,ok
xgboost,8.0,0.22533063362956696,friedman1,1000,10,8,1,-0.16052275974188612,-0.7123876463498436,1.0041609613581555,0.9672951999818906,ok
geoxgb,8.0,0.22533063362956696,friedman1,1000,10,9,0,0.03625533661967306,0.160898392001485,0.9656591365654625,6.331166500109248,ok
geoxgb,8.0,0.22533063362956696,friedman1,1000,10,8,4,0.10582360408388158,0.4696370057603914,0.9530501461411569,6.378681300091557,ok
xgboost,8.0,0.22533063362956696,friedman1,1000,10,8,2,-0.04611293612741352,-0.20464565951215063,1.0667361007740113,0.8682497999398038,ok
xgboost,8.0,0.22533063362956696,friedman1,1000,10,8,4,0.05865243147890109,0.26029497425247095,0.9778655677759149,0.9044164000079036,ok
xgboost,8.0,0.22533063362956696,friedman1,1000,10,8,3,-0.12905889407094673,-0.572753433441782,1.0604381760444987,0.9385508999694139,ok
xgboost,8.0,0.22533063362956696,friedman1,1000,10,9,0,-0.0924017283418519,-0.4100717547963586,1.0280969011194792,0.9454902999568731,ok
xgboost,8.0,0.22533063362956696,friedman1,1000,10,9,1,0.0475382088596592,0.21097091014180433,1.0578409320878623,0.8925848000217229,ok
geoxgb,8.0,0.22533063362956696,friedman1,1000,10,9,3,-0.005031355567505225,-0.02232876855872397,0.9700806202926732,6.132397000095807,ok
xgboost,8.0,0.22533063362956696,friedman1,1000,10,9,2,0.009361771530918439,0.04154682113178075,1.023610084757148,0.82982790004462,ok
geoxgb,8.0,0.22533063362956696,friedman1,1000,10,9,1,0.1187073213331079,0.5268139507753624,1.0175521293097582,6.313252399908379,ok
geoxgb,8.0,0.22533063362956696,friedman1,1000,10,9,2,0.00938666093940177,0.04165727840996978,1.023597225769466,6.29119759995956,ok
xgboost,8.0,0.22533063362956696,friedman1,1000,10,9,3,-0.015927119747802587,-0.07068333094019533,0.9753248729037931,0.7788520000176504,ok
xgboost,8.0,0.22533063362956696,friedman1,1000,10,9,4,-0.11585068566580459,-0.5141364216649641,0.9719985796003341,0.7663289000047371,ok
geoxgb,8.0,0.22533063362956696,friedman1,1000,10,9,4,-0.07848168823768531,-0.3482956887553316,0.9555842338607243,6.262275799992494,ok
