model,dataset,n,d,seed,fold,r2,r2_n02,r2_n05,z_nn_spearman,z_nn_p,train_s,status
GeoXGB,california_housing,5000,8,0,0,0.768374232329954,0.3875023486763395,0.07179409337386622,0.08434497634497634,0.0076158371146151475,7.4122644000453874,ok
XGBoost,california_housing,5000,8,0,0,0.8019368031470594,0.35197930749340933,-0.04876278256270816,nan,nan,3.130143499933183,ok
LightGBM,california_housing,5000,8,0,0,0.8108100263970753,0.3658231662627788,-0.04772236743851965,nan,nan,1.4535749999340624,ok
GeoXGB,california_housing,5000,8,0,1,0.7463765982990018,0.4275993142593275,0.07029742210958378,0.02077779277779278,0.5116307566810994,7.646266800002195,ok
XGBoost,california_housing,5000,8,0,1,0.8101279196807122,0.3672520888479248,-0.05387130625508996,nan,nan,2.755833499948494,ok
LightGBM,california_housing,5000,8,0,1,0.801244519453983,0.36365126662573444,-0.0913225148931811,nan,nan,1.4486866999650374,ok
GeoXGB,california_housing,5000,8,0,2,0.7466245012921692,0.4287797555743056,0.1553427984568443,-0.0012593652593652594,0.9682726410306569,7.7814339000033215,ok
XGBoost,california_housing,5000,8,0,2,0.8112191371640057,0.32264358258166126,-0.031014665924239182,nan,nan,2.7142115000169724,ok
LightGBM,california_housing,5000,8,0,2,0.8104114397714983,0.34411202913920547,-0.0012123805414028244,nan,nan,1.5153501000022516,ok
GeoXGB,california_housing,5000,8,0,3,0.788127464406926,0.4787353568104874,0.17598755486732964,0.0805047085047085,0.010873663330487546,7.541606199927628,ok
XGBoost,california_housing,5000,8,0,3,0.832572306219208,0.27559916165486686,-0.190666105075729,nan,nan,2.7335690000327304,ok
LightGBM,california_housing,5000,8,0,3,0.8315878911501661,0.32814263565409796,-0.06426223916772567,nan,nan,1.5384676998946816,ok
GeoXGB,california_housing,5000,8,0,4,0.7578890494841042,0.4688387606707871,0.07855484342484842,0.05900126300126301,0.062170874730029406,8.376066499971785,ok
XGBoost,california_housing,5000,8,0,4,0.8199958925585745,0.385299336337912,-0.11430823878465146,nan,nan,2.6686349000083283,ok
LightGBM,california_housing,5000,8,0,4,0.8126298599919766,0.37552763809836753,-0.09706071930718552,nan,nan,1.4533438000362366,ok
GeoXGB,california_housing,5000,8,1,0,0.7812712298260189,0.4430444155715748,0.22363630267831847,0.02196869796869797,0.48772856449773627,8.492925700033084,ok
XGBoost,california_housing,5000,8,1,0,0.8398754869252185,0.37254947658135684,0.05238448431784415,nan,nan,2.404737899894826,ok
LightGBM,california_housing,5000,8,1,0,0.83679872550356,0.38160990707576814,0.07478568470836344,nan,nan,1.5571899000788108,ok
GeoXGB,california_housing,5000,8,1,1,0.7902746099375532,0.5111588427813104,0.23436625717036375,0.09964181164181164,0.0016057293263525584,8.10589969996363,ok
XGBoost,california_housing,5000,8,1,1,0.8316576551180761,0.4315266048962535,0.0501700646885993,nan,nan,2.5424527999712154,ok
LightGBM,california_housing,5000,8,1,1,0.8357686494941498,0.4158904042428446,0.027396847929871404,nan,nan,1.6461255000904202,ok
GeoXGB,california_housing,5000,8,1,2,0.7333123861209477,0.1958775609666915,-0.03292888342019373,0.09374586974586975,0.0030039472191088503,7.970237100031227,ok
XGBoost,california_housing,5000,8,1,2,0.7742980471256327,0.27519994947343396,0.0031368613124208578,nan,nan,2.354562500026077,ok
LightGBM,california_housing,5000,8,1,2,0.7700070321264696,0.28641070215495734,-0.004889537143655476,nan,nan,1.7109460999490693,ok
GeoXGB,california_housing,5000,8,1,3,0.754000250439708,0.4736463126558713,0.09856754428076575,0.022064338064338065,0.4858354585311918,8.248690700042062,ok
XGBoost,california_housing,5000,8,1,3,0.8118137817537372,0.3859268749056278,-0.09463778332668427,nan,nan,2.4940823999932036,ok
LightGBM,california_housing,5000,8,1,3,0.8046595534992839,0.39297709958372096,-0.0683397030163797,nan,nan,1.602361600031145,ok
GeoXGB,california_housing,5000,8,1,4,0.7453507338446459,0.3247183331542556,0.06702903682561945,0.07917361917361918,0.012262785929237765,7.980338800000027,ok
XGBoost,california_housing,5000,8,1,4,0.8074589754059851,0.2632417106583691,-0.08762752604075863,nan,nan,2.4821033000480384,ok
LightGBM,california_housing,5000,8,1,4,0.8013358235355243,0.2869872800490513,-0.02755570159917342,nan,nan,1.6429364000214264,ok
GeoXGB,california_housing,5000,8,2,0,0.7994605420378222,0.48563835953548373,0.2208761032661598,0.05015215415215415,0.11297445841811732,7.962379700038582,ok
XGBoost,california_housing,5000,8,2,0,0.8534631295107393,0.4043177155207235,0.045093330080787086,nan,nan,2.4400923000648618,ok
LightGBM,california_housing,5000,8,2,0,0.8483892491830621,0.39807599874664545,0.03225962502532953,nan,nan,1.3761350000277162,ok
GeoXGB,california_housing,5000,8,2,1,0.7365257151288755,0.40053558368359043,0.02498480382665269,0.08681637881637883,0.006011939990818024,10.826235300046392,ok
XGBoost,california_housing,5000,8,2,1,0.782268267352316,0.3463901773084638,-0.058024474280849114,nan,nan,3.1929514999501407,ok
LightGBM,california_housing,5000,8,2,1,0.7893366719940382,0.28316207302742225,-0.11438024696288829,nan,nan,1.2199654000578448,ok
GeoXGB,california_housing,5000,8,2,2,0.7473213779858444,0.3851331533545088,0.18399768593034005,0.05690850890850892,0.07204839895680257,10.10509369999636,ok
XGBoost,california_housing,5000,8,2,2,0.8055538345068011,0.3205635538242837,-0.0030867547568864673,nan,nan,2.8723531001014635,ok
LightGBM,california_housing,5000,8,2,2,0.8073477512651455,0.29428791303550583,-0.02152671937339168,nan,nan,1.1871837999206036,ok
GeoXGB,california_housing,5000,8,2,3,0.7677441826573059,0.35748063060999846,0.11077150939548186,0.032201456201456195,0.30901565114540147,9.991592300008051,ok
XGBoost,california_housing,5000,8,2,3,0.8206838184032925,0.32782227427859467,-0.05841171089306507,nan,nan,2.645558600081131,ok
LightGBM,california_housing,5000,8,2,3,0.8207954866361856,0.3298506017221272,-0.04229476118185982,nan,nan,1.1354553001001477,ok
GeoXGB,california_housing,5000,8,2,4,0.7552460177134732,0.37028256259720393,0.0002072021714606409,0.07637014037014038,0.0157117342532208,5.174043899984099,ok
XGBoost,california_housing,5000,8,2,4,0.8069987928064924,0.3604185637179812,-0.058012582142637825,nan,nan,2.8936814999906346,ok
LightGBM,california_housing,5000,8,2,4,0.799563063686761,0.34788961073160884,-0.007234851265839781,nan,nan,1.2529863000381738,ok
GeoXGB,diabetes,442,10,0,0,0.18126702425946184,0.104763433792467,0.1951298510924051,-0.00585631596867552,0.9565624549013726,1.1283701000502333,ok
XGBoost,diabetes,442,10,0,0,0.18634960040369442,0.15797432639269127,0.1967685747335961,nan,nan,0.5751665000570938,ok
LightGBM,diabetes,442,10,0,0,0.11449835038650391,0.06011059721939427,0.0962368894644785,nan,nan,0.3088059000438079,ok
GeoXGB,diabetes,442,10,0,1,0.2966833504364905,0.2985807655446746,0.3441843957831332,0.03653387810691182,0.7339309948456283,1.1863458999432623,ok
XGBoost,diabetes,442,10,0,1,0.40034753367325004,0.33829098783787714,0.3979250922888605,nan,nan,0.5927381999790668,ok
LightGBM,diabetes,442,10,0,1,0.3996222855449518,0.3644327359315045,0.4277345681221514,nan,nan,1.9422278000274673,ok
GeoXGB,diabetes,442,10,0,2,0.5142645212872484,0.4526947300549764,0.48441944548631144,-0.05910323694128422,0.5843866041226239,1.1788367999251932,ok
XGBoost,diabetes,442,10,0,2,0.5159196596114861,0.44912294961782306,0.4599104247791489,nan,nan,0.6097443000180647,ok
LightGBM,diabetes,442,10,0,2,0.5191976100998994,0.4650104416995019,0.4743246445949445,nan,nan,0.6561351999407634,ok
GeoXGB,diabetes,442,10,0,3,0.28316333803294946,0.26756300186716353,0.32222317749672413,0.07933852277130077,0.46247405785815004,1.1451955999946222,ok
XGBoost,diabetes,442,10,0,3,0.2938894975264037,0.26033189400541457,0.3282304103247504,nan,nan,1.0056904000230134,ok
LightGBM,diabetes,442,10,0,3,0.28064779050986643,0.2964317249373284,0.3548924192039268,nan,nan,0.3400192999979481,ok
GeoXGB,diabetes,442,10,0,4,0.4266634155360769,0.4659071610360773,0.40528495297648304,0.022190130675213977,0.8374074534718707,1.1940018999157473,ok
XGBoost,diabetes,442,10,0,4,0.43103928346037546,0.4702685397326314,0.4895110501054124,nan,nan,1.1526279000099748,ok
LightGBM,diabetes,442,10,0,4,0.43385638008536664,0.49093696340040394,0.5059883646729528,nan,nan,0.6682403999147937,ok
GeoXGB,diabetes,442,10,1,0,0.32955771428634584,0.4205032893683138,0.35819738348259,0.20837589376915225,0.05004347263649955,1.154448900022544,ok
XGBoost,diabetes,442,10,1,0,0.20958643305188096,0.3898663391735864,0.3394714259779986,nan,nan,0.6164772000629455,ok
LightGBM,diabetes,442,10,1,0,0.20204428256238716,0.39980003093016503,0.22088369061713076,nan,nan,0.3749483999563381,ok
GeoXGB,diabetes,442,10,1,1,0.22187134473919012,0.1483482646558948,0.16760051489523053,0.23273748723186927,0.028175339830342053,0.934121299884282,ok
XGBoost,diabetes,442,10,1,1,0.2152289073613992,0.14482151925269449,0.14970654107347892,nan,nan,0.5717645999975502,ok
LightGBM,diabetes,442,10,1,1,0.1271296090787798,0.11755825964419708,0.14035221011287746,nan,nan,0.723467200063169,ok
GeoXGB,diabetes,442,10,1,2,0.3956413606688981,0.38097616097779563,0.25577714899762805,-0.13653974851185235,0.20462211998330085,2.3684249999932945,ok
XGBoost,diabetes,442,10,1,2,0.4018633025801184,0.39775823775921304,0.32414520456740614,nan,nan,0.596716700005345,ok
LightGBM,diabetes,442,10,1,2,0.3598986022375674,0.43821606125259194,0.34441573614161924,nan,nan,0.6679139999905601,ok
GeoXGB,diabetes,442,10,1,3,0.4430555786346696,0.4385283521234483,0.3489093715812791,-0.12065443274277061,0.2628194717715246,0.9593594999751076,ok
XGBoost,diabetes,442,10,1,3,0.45243478911672175,0.32666736220948045,0.3148351594379871,nan,nan,0.5731780999340117,ok
LightGBM,diabetes,442,10,1,3,0.4179740838058156,0.39035650096785157,0.36249407723669713,nan,nan,0.2982456999598071,ok
GeoXGB,diabetes,442,10,1,4,0.4144888699184852,0.39882874684510317,0.4594216692869023,0.048201894966714814,0.6556204073382444,1.2480670999502763,ok
XGBoost,diabetes,442,10,1,4,0.5072214607685426,0.5078873676879263,0.5128064285517666,nan,nan,0.5805884000146762,ok
LightGBM,diabetes,442,10,1,4,0.4875665004577451,0.48519137335254703,0.54771339628922,nan,nan,0.29257259995210916,ok
GeoXGB,diabetes,442,10,2,0,0.2497277396794637,0.18613647379495912,0.22034450717449416,-0.024736125297923052,0.8180168441741735,2.345806200057268,ok
XGBoost,diabetes,442,10,2,0,0.28728492982632603,0.31463376962661704,0.28963475250922777,nan,nan,0.6852129000471905,ok
LightGBM,diabetes,442,10,2,0,0.23885512960378108,0.26837255823495754,0.1850084478443702,nan,nan,0.29833380004856735,ok
GeoXGB,diabetes,442,10,2,1,0.48439007630058506,0.5120669298479941,0.37916302520737377,0.08859380320054479,0.4090297987019307,0.9132123000454158,ok
XGBoost,diabetes,442,10,2,1,0.3927777165810429,0.43899125479354384,0.3174237990318487,nan,nan,0.5491567000281066,ok
LightGBM,diabetes,442,10,2,1,0.3761226651643367,0.458204829573003,0.34705194101638204,nan,nan,0.28226380003616214,ok
GeoXGB,diabetes,442,10,2,2,0.46302275779722224,0.4376165815352726,0.4818574865669769,-0.12269733366207602,0.2547636915131925,0.9636782999150455,ok
XGBoost,diabetes,442,10,2,2,0.44340665841716786,0.48651174819607423,0.4613843948941492,nan,nan,0.5721673000371084,ok
LightGBM,diabetes,442,10,2,2,0.42582487583579187,0.49277402254329616,0.44787570992029546,nan,nan,0.30554810003377497,ok
GeoXGB,diabetes,442,10,2,3,0.2902888390383678,0.31045434898196744,0.17037840152824046,0.20923884329541056,0.05040814991013103,2.1455625999951735,ok
XGBoost,diabetes,442,10,2,3,0.23546621167462312,0.2702643373953959,0.23268760104898623,nan,nan,0.7397166999289766,ok
LightGBM,diabetes,442,10,2,3,0.17299923066563583,0.2655659035435868,0.1759025368674758,nan,nan,0.37918409996200353,ok
GeoXGB,diabetes,442,10,2,4,0.38957702190281784,0.4102209813466976,0.3011576783012887,-0.03089007079708359,0.775108319815059,1.1487497999332845,ok
XGBoost,diabetes,442,10,2,4,0.3937093455335072,0.37737291946207696,0.24059557900390538,nan,nan,0.5833883000304922,ok
LightGBM,diabetes,442,10,2,4,0.3420354534167468,0.323726448135106,0.24106471983231903,nan,nan,0.6697943999897689,ok
GeoXGB,concrete,1030,8,0,0,0.8847236537151631,0.6293931725647157,0.12509909728440483,0.059901069097932025,0.39239676734032897,0.5404972999822348,ok
XGBoost,concrete,1030,8,0,0,0.9452870574742116,0.6611781120089477,0.32705097775745917,nan,nan,0.9343225000193343,ok
LightGBM,concrete,1030,8,0,0,0.9460445784016878,0.6587484740376912,0.26959276441625546,nan,nan,0.765411900007166,ok
GeoXGB,concrete,1030,8,0,1,0.884394981809008,0.5587994823318312,0.1308242982084048,0.02552274903065265,0.7157455181400548,1.7732182999607176,ok
XGBoost,concrete,1030,8,0,1,0.9395458186711255,0.6517794722488621,0.23750692287573205,nan,nan,1.0173119000392035,ok
LightGBM,concrete,1030,8,0,1,0.9385991405496552,0.6378885513882651,0.2093732229614782,nan,nan,0.42824030003976077,ok
GeoXGB,concrete,1030,8,0,2,0.9108498591972545,0.6629683493575074,0.18979655741539547,0.07810646853952512,0.2644551352172201,1.8713868000777438,ok
XGBoost,concrete,1030,8,0,2,0.9569084687066245,0.7127837871316011,0.35942676547382224,nan,nan,0.9262522999197245,ok
LightGBM,concrete,1030,8,0,2,0.9540578117305649,0.6983372006826376,0.32210639565455534,nan,nan,0.41478180000558496,ok
GeoXGB,concrete,1030,8,0,3,0.8814551899510281,0.6121625110677524,0.12250166839668075,0.10246211880439163,0.142779292483666,2.458229499985464,ok
XGBoost,concrete,1030,8,0,3,0.9207168807025234,0.670652121697393,0.2610647481605215,nan,nan,0.8751043999800459,ok
LightGBM,concrete,1030,8,0,3,0.9173925461422845,0.6647596809801961,0.24986960597959595,nan,nan,0.7823636999819428,ok
GeoXGB,concrete,1030,8,0,4,0.868639223133698,0.5485270361567427,0.14926669514214108,0.010449060607008849,0.8815033491786404,0.4598673000000417,ok
XGBoost,concrete,1030,8,0,4,0.9433657690668698,0.6397642232552907,0.2937085834628895,nan,nan,0.9071487999754027,ok
LightGBM,concrete,1030,8,0,4,0.9417298364851936,0.639228879977443,0.2453127645383637,nan,nan,0.422515100101009,ok
GeoXGB,concrete,1030,8,1,0,0.8655368486422397,0.567213819793492,0.26750197091707273,0.20801546464898168,0.002697091181344649,0.6739534999942407,ok
XGBoost,concrete,1030,8,1,0,0.92249085822197,0.6981736923929064,0.36205877434293143,nan,nan,0.8886087000137195,ok
LightGBM,concrete,1030,8,1,0,0.9174799569381202,0.6914789728609587,0.3245135250908392,nan,nan,0.4489991000154987,ok
GeoXGB,concrete,1030,8,1,1,0.8815181047881887,0.6428545599069114,0.2174555929382278,0.061484752042447466,0.37997988217144335,0.456041399971582,ok
XGBoost,concrete,1030,8,1,1,0.9268432235380888,0.750857817155229,0.23158790902677096,nan,nan,0.907882200088352,ok
LightGBM,concrete,1030,8,1,1,0.929125378172714,0.6978329588482038,0.20678565169230567,nan,nan,0.4106748999329284,ok
GeoXGB,concrete,1030,8,1,2,0.8980698678310731,0.7522978220914592,0.3153596157478553,0.12040824834474267,0.0847177348046688,3.578181399963796,ok
XGBoost,concrete,1030,8,1,2,0.9655639959871972,0.7989535647231522,0.36705682169046117,nan,nan,1.1641046999720857,ok
LightGBM,concrete,1030,8,1,2,0.9647785497845942,0.7773221793067502,0.3335790354289443,nan,nan,0.40227970003616065,ok
GeoXGB,concrete,1030,8,1,3,0.8956617136477774,0.6329824663570113,0.12469612314775202,0.027141845944382934,0.6985639703192218,0.9563331999816,ok
XGBoost,concrete,1030,8,1,3,0.951473043252451,0.7563725997987183,0.28382925186037744,nan,nan,0.8839628000278026,ok
LightGBM,concrete,1030,8,1,3,0.9517647790029542,0.6875168852986068,0.2110095599815609,nan,nan,0.4486876999726519,ok
GeoXGB,concrete,1030,8,1,4,0.8964924699514698,0.6605380998248898,0.39321983603619304,0.044301699236134015,0.5271971246437481,1.2888552999356762,ok
XGBoost,concrete,1030,8,1,4,0.9371647929634277,0.7573453454680257,0.39160024247036584,nan,nan,0.8412702000932768,ok
LightGBM,concrete,1030,8,1,4,0.938904774101782,0.6988794452346945,0.39675410125277244,nan,nan,0.44319669995456934,ok
GeoXGB,concrete,1030,8,2,0,0.8460480937572757,0.6232301643257321,0.1760107170946411,0.009587016162964595,0.8912162171352419,0.4562943000346422,ok
XGBoost,concrete,1030,8,2,0,0.9234525399983571,0.6847600690780051,0.243170289208537,nan,nan,0.8461853999178857,ok
LightGBM,concrete,1030,8,2,0,0.9226159494463069,0.6961543146016582,0.1964582584101966,nan,nan,0.43322399992030114,ok
GeoXGB,concrete,1030,8,2,1,0.9438566877915675,0.73639931429438,0.3118108912983488,0.12937000968310566,0.06383848384075522,0.8660767000401393,ok
XGBoost,concrete,1030,8,2,1,0.9658800175449553,0.7507944890493736,0.46986861380130185,nan,nan,0.8725780999520794,ok
LightGBM,concrete,1030,8,2,1,0.9652755335107901,0.753278272302217,0.3948987871485832,nan,nan,0.4301564999623224,ok
GeoXGB,concrete,1030,8,2,2,0.8933524567310361,0.728977351041108,0.3292982624370562,0.047497802226444806,0.4977994472192857,0.943695200025104,ok
XGBoost,concrete,1030,8,2,2,0.9198049711619077,0.7356356908691906,0.4131443134518853,nan,nan,0.8817639999324456,ok
LightGBM,concrete,1030,8,2,2,0.9264820416614529,0.7505067765627316,0.38735278730642153,nan,nan,0.43778300005942583,ok
GeoXGB,concrete,1030,8,2,3,0.9031372119193247,0.667432360277425,0.3555934216782035,0.07697138082338276,0.2714815866732675,0.4557626999448985,ok
XGBoost,concrete,1030,8,2,3,0.948847157273102,0.7538301720714448,0.4259553866238034,nan,nan,1.4258657000027597,ok
LightGBM,concrete,1030,8,2,3,0.9472272632061445,0.7139889318619685,0.4325735567190635,nan,nan,0.43443020002450794,ok
GeoXGB,concrete,1030,8,2,4,0.8718856251783274,0.6071409001563912,-0.019738576902764926,0.12628779070434867,0.07048362761785427,1.4713892999570817,ok
XGBoost,concrete,1030,8,2,4,0.9325733449687471,0.6802069928510661,0.13981177996631988,nan,nan,0.8978477999335155,ok
LightGBM,concrete,1030,8,2,4,0.937505775255933,0.6488670231169535,0.050820240677687534,nan,nan,0.4348873000126332,ok
GeoXGB,kin8nm,5000,8,0,0,0.5719529261809083,0.5361264982875682,0.4000746522273063,0.059240507240507244,0.06111657974853499,8.691357699921355,ok
XGBoost,kin8nm,5000,8,0,0,0.7815141174790503,0.7222435252463237,0.4599773492646452,nan,nan,3.4096639999188483,ok
LightGBM,kin8nm,5000,8,0,0,0.7692844228990691,0.7039692575192538,0.4646995332315216,nan,nan,1.2462758999317884,ok
GeoXGB,kin8nm,5000,8,0,1,0.5495337410255279,0.5243355074184686,0.3838175178919636,0.021633141633141634,0.4944019088815183,8.268787099979818,ok
XGBoost,kin8nm,5000,8,0,1,0.7714865587403802,0.7318470327960178,0.48901463641352527,nan,nan,2.076334699988365,ok
LightGBM,kin8nm,5000,8,0,1,0.7674444122531281,0.7254872353654414,0.4777223070434439,nan,nan,4.413877099985257,ok
GeoXGB,kin8nm,5000,8,0,2,0.599170403235378,0.5668497132255608,0.46301433608592046,0.023815151815151817,0.4518911114234184,8.938995599979535,ok
XGBoost,kin8nm,5000,8,0,2,0.7852036534905196,0.7270397809287266,0.5360323526792523,nan,nan,3.3747784999432042,ok
LightGBM,kin8nm,5000,8,0,2,0.7593407798972627,0.7035368408690722,0.5189082229386112,nan,nan,1.4254324999637902,ok
GeoXGB,kin8nm,5000,8,0,3,0.5801113039454513,0.5645144168786007,0.39750075413244523,0.07922500322500323,0.012206378276090075,8.686685999971814,ok
XGBoost,kin8nm,5000,8,0,3,0.7663754454714454,0.7316140986935614,0.497348491058889,nan,nan,2.5580334999831393,ok
LightGBM,kin8nm,5000,8,0,3,0.7529408227617422,0.7184718533082227,0.48256664786713765,nan,nan,1.2195757000008598,ok
GeoXGB,kin8nm,5000,8,0,4,0.5983973413200737,0.5671016248788914,0.43010858494283777,0.02245745845745846,0.478095871795262,9.124022299889475,ok
XGBoost,kin8nm,5000,8,0,4,0.7852731606892247,0.7305193228014688,0.4953448666161846,nan,nan,2.185758699895814,ok
LightGBM,kin8nm,5000,8,0,4,0.7633100972416624,0.713072872713074,0.5004188394485596,nan,nan,1.3699905999237671,ok
GeoXGB,kin8nm,5000,8,1,0,0.5806224213773433,0.5658020418584246,0.42163072969672877,0.10256616656616659,0.001162440412670214,8.89594209997449,ok
XGBoost,kin8nm,5000,8,1,0,0.7703761000926652,0.7410246177919285,0.5028004045710472,nan,nan,2.7442460000747815,ok
LightGBM,kin8nm,5000,8,1,0,0.7542761616470389,0.7282014335431599,0.4813211754163841,nan,nan,1.4370292999083176,ok
GeoXGB,kin8nm,5000,8,1,1,0.5901708141862352,0.5729733248024148,0.4729476578574373,0.008308760308760309,0.7929961294643243,9.360304199974053,ok
XGBoost,kin8nm,5000,8,1,1,0.7828192807688025,0.7308318674690772,0.5314295167988324,nan,nan,2.7490704000229016,ok
LightGBM,kin8nm,5000,8,1,1,0.7680016667976444,0.72314617061538,0.5216034385607448,nan,nan,5.057093000039458,ok
GeoXGB,kin8nm,5000,8,1,2,0.5864872837185291,0.5485694293887259,0.419133307680158,0.028886224886224887,0.3615000099495939,13.207063099951483,ok
XGBoost,kin8nm,5000,8,1,2,0.7900372857776945,0.7257379520447609,0.5011406726965599,nan,nan,2.124234199989587,ok
LightGBM,kin8nm,5000,8,1,2,0.7733787236502976,0.715269437375808,0.498370354815345,nan,nan,5.400422700098716,ok
GeoXGB,kin8nm,5000,8,1,3,0.5437965190147835,0.5158777565642861,0.38545529197119965,0.016391776391776393,0.6046397195568354,9.081773599958979,ok
XGBoost,kin8nm,5000,8,1,3,0.7544551179456713,0.6956306539034642,0.5062587461366699,nan,nan,3.645065600052476,ok
LightGBM,kin8nm,5000,8,1,3,0.7317169449660235,0.6783318278069757,0.49032567438102426,nan,nan,1.342105699935928,ok
GeoXGB,kin8nm,5000,8,1,4,0.571767492170353,0.5407174038004836,0.4329107280389032,0.04946768546768547,0.11798059179373414,13.081560300081037,ok
XGBoost,kin8nm,5000,8,1,4,0.7790066162854523,0.7313469010612832,0.5128257563170645,nan,nan,2.1171721999999136,ok
LightGBM,kin8nm,5000,8,1,4,0.751671974805302,0.7108098831785824,0.49103909838979565,nan,nan,4.842847599997185,ok
GeoXGB,kin8nm,5000,8,2,0,0.5783731863694753,0.5466808875509154,0.41880172177564534,0.03847867447867448,0.22408745455246828,9.048157699988224,ok
XGBoost,kin8nm,5000,8,2,0,0.7758446586903107,0.7161295633935971,0.5058839902363511,nan,nan,2.7096255000215024,ok
LightGBM,kin8nm,5000,8,2,0,0.757232888719853,0.7056477871319871,0.4910523128605899,nan,nan,1.509888300090097,ok
GeoXGB,kin8nm,5000,8,2,1,0.5675607996168537,0.5356935233652638,0.3975073725627303,0.05501713901713901,0.08204604478503405,9.320129900006577,ok
XGBoost,kin8nm,5000,8,2,1,0.779658402427194,0.7246736015761304,0.4952442082546725,nan,nan,3.0196607999969274,ok
LightGBM,kin8nm,5000,8,2,1,0.7679604064799541,0.7167862302275281,0.4866481767779216,nan,nan,1.0889853000408038,ok
GeoXGB,kin8nm,5000,8,2,2,0.5340360763566216,0.49658456544677443,0.3834742250192621,0.057814749814749815,0.06762387176199249,13.008678400074132,ok
XGBoost,kin8nm,5000,8,2,2,0.7505263236270868,0.6759370526381803,0.47685327900714813,nan,nan,2.9788030999479815,ok
LightGBM,kin8nm,5000,8,2,2,0.7507633060481872,0.6673250446831055,0.47594322772114095,nan,nan,1.6802383000031114,ok
GeoXGB,kin8nm,5000,8,2,3,0.5700083017936486,0.5410857367714977,0.39550512263522075,0.027258699258699264,0.3891952814720461,13.499210199923255,ok
XGBoost,kin8nm,5000,8,2,3,0.7765480743618804,0.7145031899633237,0.47816881987746973,nan,nan,3.0269854000071064,ok
LightGBM,kin8nm,5000,8,2,3,0.7621786766089363,0.7077029582191818,0.47760073874181863,nan,nan,8.593137599993497,ok
GeoXGB,kin8nm,5000,8,2,4,0.6189929596306359,0.5919594015762772,0.45421909560970086,0.028701856701856706,0.36457392669663446,13.85098280000966,ok
XGBoost,kin8nm,5000,8,2,4,0.787693673099063,0.7278850686549997,0.5184897076426216,nan,nan,2.1137238999363035,ok
LightGBM,kin8nm,5000,8,2,4,0.7769844811831268,0.7191896039267192,0.5168855195120635,nan,nan,1.300641099922359,ok
GeoXGB,abalone,4177,10,0,0,0.5583985771842995,0.46073009935543585,0.10085042244494347,0.19366096941689256,1.655745247516906e-08,4.482335199951194,ok
XGBoost,abalone,4177,10,0,0,0.5301155303459721,0.3477353566690877,-0.1671494242757623,nan,nan,2.0179974999045953,ok
LightGBM,abalone,4177,10,0,0,0.5302795970890382,0.3606505405503827,-0.12145565330223707,nan,nan,0.6677427999675274,ok
GeoXGB,abalone,4177,10,0,1,0.5107550908888558,0.4212863175427397,0.0663854711692673,0.13131886417664984,0.00014024872810205945,9.520069899968803,ok
XGBoost,abalone,4177,10,0,1,0.4581847217358268,0.2923147931078788,-0.16690072699284442,nan,nan,2.1374149000039324,ok
LightGBM,abalone,4177,10,0,1,0.4647808210982678,0.30933943795014585,-0.12504055308601458,nan,nan,0.789104099967517,ok
GeoXGB,abalone,4177,10,0,2,0.5652567573020935,0.46615624075642825,0.056320233977662504,0.17732098468401933,2.5070009835100847e-07,8.80532220005989,ok
XGBoost,abalone,4177,10,0,2,0.5233590552387033,0.3512390964336547,-0.09315766992505226,nan,nan,1.2006053999066353,ok
LightGBM,abalone,4177,10,0,2,0.5483395562145218,0.3551032005312469,-0.01802131304315835,nan,nan,0.6761801999527961,ok
GeoXGB,abalone,4177,10,0,3,0.5135321024061681,0.40536316713607035,-0.012576031203509475,0.16460229666953005,1.7361463674234861e-06,8.804729199968278,ok
XGBoost,abalone,4177,10,0,3,0.48785401491303215,0.24072010417427858,-0.18382503082013524,nan,nan,2.926622400060296,ok
LightGBM,abalone,4177,10,0,3,0.48916206042973875,0.22304435381088206,-0.20348928095737628,nan,nan,0.8697487000608817,ok
GeoXGB,abalone,4177,10,0,4,0.5492951004156089,0.47922816362327114,0.10273558304563313,0.2760064356444844,4.588781144576636e-16,4.911538399988785,ok
XGBoost,abalone,4177,10,0,4,0.5319736347748137,0.38567713615254196,-0.034386213309304026,nan,nan,1.209867899888195,ok
LightGBM,abalone,4177,10,0,4,0.5363300653419983,0.3786228779192725,-0.018056183870367226,nan,nan,0.7346764999674633,ok
GeoXGB,abalone,4177,10,1,0,0.513559982115862,0.4478037542599983,-0.023403931976604397,0.2239797965379771,5.7623385734595766e-11,8.42084999999497,ok
XGBoost,abalone,4177,10,1,0,0.4941994220625484,0.30446708416094126,-0.1589434252939257,nan,nan,1.2372413000557572,ok
LightGBM,abalone,4177,10,1,0,0.5022611514999359,0.3342957067864333,-0.14861796475824596,nan,nan,0.9040715999435633,ok
GeoXGB,abalone,4177,10,1,1,0.5598683232992072,0.4887658179569254,0.12370271741650385,0.1666063236255242,1.273246259532028e-06,8.964568699942902,ok
XGBoost,abalone,4177,10,1,1,0.4912194363937905,0.33122428854905694,-0.13646857179320393,nan,nan,1.664388500037603,ok
LightGBM,abalone,4177,10,1,1,0.5058694775017607,0.31251672986843415,-0.10847087829509516,nan,nan,0.8211046000942588,ok
GeoXGB,abalone,4177,10,1,2,0.5405223031804838,0.4694361963931051,0.04488190316001239,0.2055400068379657,2.040126583285364e-09,8.260888900025748,ok
XGBoost,abalone,4177,10,1,2,0.542350740532344,0.3503771248324218,-0.1950061183993017,nan,nan,1.5572082001017407,ok
LightGBM,abalone,4177,10,1,2,0.5373388609416059,0.35517015167806254,-0.10201096544874999,nan,nan,0.926676300005056,ok
GeoXGB,abalone,4177,10,1,3,0.5085428440501615,0.45905337597024043,0.02133023027320724,0.22045220690428532,1.19380763673664e-10,4.773667600005865,ok
XGBoost,abalone,4177,10,1,3,0.45045386207635874,0.3086674205433837,-0.3080192022458239,nan,nan,3.3323915998917073,ok
LightGBM,abalone,4177,10,1,3,0.46490201345464177,0.31248769669537324,-0.21624284051943676,nan,nan,0.9512463000137359,ok
GeoXGB,abalone,4177,10,1,4,0.5628309953239412,0.48377799718864145,0.04277506089900329,0.16430879812218094,1.8123877237419215e-06,4.497333199949935,ok
XGBoost,abalone,4177,10,1,4,0.5161757264138761,0.3531354052479422,-0.13357125333400788,nan,nan,1.5450896000256762,ok
LightGBM,abalone,4177,10,1,4,0.5361646550402468,0.35472338075891297,-0.1500553553726116,nan,nan,0.8157875000033528,ok
GeoXGB,abalone,4177,10,2,0,0.5600231584007891,0.5374371644210898,0.2002740295960902,0.1791742472222185,1.8372678214750514e-07,7.799120099982247,ok
XGBoost,abalone,4177,10,2,0,0.5271859751397698,0.4439913289997096,0.008281700787163726,nan,nan,1.324749399907887,ok
LightGBM,abalone,4177,10,2,0,0.5425476150085488,0.4763531742773056,0.043050417047961975,nan,nan,0.6953269999939948,ok
GeoXGB,abalone,4177,10,2,1,0.5314443937150419,0.45434848460123,0.11385640950098075,0.24655340411255378,4.830057766358228e-13,4.26977670006454,ok
XGBoost,abalone,4177,10,2,1,0.47982488704582527,0.3042578276358746,-0.17444381382681584,nan,nan,1.8657807999989018,ok
LightGBM,abalone,4177,10,2,1,0.4867020916251694,0.3065106056897281,-0.1037790788522952,nan,nan,0.7233739000512287,ok
GeoXGB,abalone,4177,10,2,2,0.5459352295420041,0.42844549758499273,-0.0010566751194176494,0.22375653409134544,6.186926172857742e-11,7.525622799992561,ok
XGBoost,abalone,4177,10,2,2,0.5041428242070467,0.34414162887961264,-0.11041844809059742,nan,nan,1.3105987999588251,ok
LightGBM,abalone,4177,10,2,2,0.5076220853808144,0.32921641972728166,-0.06610057711770256,nan,nan,0.713476900011301,ok
GeoXGB,abalone,4177,10,2,3,0.503736213573685,0.38346133076651445,0.03696811303464864,0.1793877344983434,1.8059759137965363e-07,4.262424299959093,ok
XGBoost,abalone,4177,10,2,3,0.48108684765360143,0.25336496805787534,-0.12979423766554943,nan,nan,1.78770889993757,ok
LightGBM,abalone,4177,10,2,3,0.47299949503362804,0.250629862004775,-0.16329218596144668,nan,nan,0.7415525000542402,ok
GeoXGB,abalone,4177,10,2,4,0.584943099465054,0.4823415461983922,0.14222118696892072,0.13717256708608286,6.988909917787793e-05,4.094815099961124,ok
XGBoost,abalone,4177,10,2,4,0.5475454754853972,0.32920016362503046,-0.058115957894983916,nan,nan,1.1788657000288367,ok
LightGBM,abalone,4177,10,2,4,0.5387342958021155,0.3395911313044637,-0.17121680756477886,nan,nan,1.1567364999791607,ok
GeoXGB,energy_efficiency,768,9,0,0,0.9117241905221323,0.7742747238990993,0.6690283151599594,0.28873955986812233,0.0002816332690569127,1.5922274999320507,ok
XGBoost,energy_efficiency,768,9,0,0,0.99655903098291,0.47341283644426024,-0.06004696292153611,nan,nan,0.4380390999140218,ok
LightGBM,energy_efficiency,768,9,0,0,0.9960921035692876,0.5771744184028311,-0.007003395128056811,nan,nan,0.8164670000551268,ok
GeoXGB,energy_efficiency,768,9,0,1,0.9203982979743306,0.7763696864150945,0.6415779834994625,0.22124445560626518,0.00582524048522863,0.6126299001043662,ok
XGBoost,energy_efficiency,768,9,0,1,0.995959358567792,0.5280860274631021,-0.1201223901738917,nan,nan,0.5248849000781775,ok
LightGBM,energy_efficiency,768,9,0,1,0.9961888691529245,0.6915943678737942,-0.049061961541982724,nan,nan,0.3610680000856519,ok
GeoXGB,energy_efficiency,768,9,0,2,0.9466025354603441,0.7958270074143007,0.5876960414284016,0.38683002591408844,7.20972255523047e-07,0.49311459995806217,ok
XGBoost,energy_efficiency,768,9,0,2,0.9963296127998353,0.4598999815040774,0.023288930116726392,nan,nan,0.4620509999804199,ok
LightGBM,energy_efficiency,768,9,0,2,0.9943478108158128,0.6365885234540969,0.03473344707180215,nan,nan,0.37341439991723746,ok
GeoXGB,energy_efficiency,768,9,0,3,0.9238246266281366,0.8443925679032654,0.7265990551421929,0.2532184554552945,0.0015880864416238196,0.3804879999952391,ok
XGBoost,energy_efficiency,768,9,0,3,0.9962997929362337,0.635025690315242,0.1859667590962214,nan,nan,0.46161150000989437,ok
LightGBM,energy_efficiency,768,9,0,3,0.9952050713089847,0.7861044241213778,0.0971313133736077,nan,nan,0.33986099995672703,ok
GeoXGB,energy_efficiency,768,9,0,4,0.8277908641687038,0.7950000922254536,0.5950313649374445,0.28927919676967745,0.000287069514078146,0.5355704999528825,ok
XGBoost,energy_efficiency,768,9,0,4,0.9947489992478413,0.40398485771407366,-0.39277204750689343,nan,nan,0.4362799000227824,ok
LightGBM,energy_efficiency,768,9,0,4,0.9948084337443737,0.6576376720528028,-0.24313476606945006,nan,nan,0.3376828000182286,ok
GeoXGB,energy_efficiency,768,9,1,0,0.9129697143023189,0.8290513187496679,0.667831407457679,0.21546752048920922,0.007281353064693826,0.44008210010360926,ok
XGBoost,energy_efficiency,768,9,1,0,0.9938302707745467,0.19039428404960002,-0.08853230766204412,nan,nan,0.5640207999385893,ok
LightGBM,energy_efficiency,768,9,1,0,0.9908097957645716,0.4111106331691464,0.17447408196365155,nan,nan,0.31935680005699396,ok
GeoXGB,energy_efficiency,768,9,1,1,0.9250943974914657,0.8722056587019298,0.6099689565686588,0.34725806622137584,1.0225415898521957e-05,1.5135384999448434,ok
XGBoost,energy_efficiency,768,9,1,1,0.9969953863759877,0.5351738167670708,-0.1592989602312045,nan,nan,0.4295981000177562,ok
LightGBM,energy_efficiency,768,9,1,1,0.995214037673039,0.43906973614381806,-0.19221556034126674,nan,nan,0.32087529997806996,ok
GeoXGB,energy_efficiency,768,9,1,2,0.9078799279369179,0.7868863773238769,0.7232723370665124,0.10345426940440909,0.20167188808291447,0.3547023000428453,ok
XGBoost,energy_efficiency,768,9,1,2,0.9976660125015503,0.2437839297668568,0.11378082160143921,nan,nan,0.4436944000190124,ok
LightGBM,energy_efficiency,768,9,1,2,0.9926022329603392,0.20979083338914928,0.190806640824833,nan,nan,0.35066130000632256,ok
GeoXGB,energy_efficiency,768,9,1,3,0.9114319116964232,0.9003443421632319,0.7140674055484335,0.25905202846573655,0.0012232716961265303,0.3044177000410855,ok
XGBoost,energy_efficiency,768,9,1,3,0.9973690566577816,0.360034417478863,-0.16655598228665403,nan,nan,0.5072705000638962,ok
LightGBM,energy_efficiency,768,9,1,3,0.9967354019881877,0.3494109376085949,-0.14794320124822535,nan,nan,0.36589090002235025,ok
GeoXGB,energy_efficiency,768,9,1,4,0.9053468507434956,0.8730891831242984,0.649150338258915,0.23874596476494517,0.0029585954163132574,0.4055401000659913,ok
XGBoost,energy_efficiency,768,9,1,4,0.9954496421606298,0.1341712500518435,-0.2396896016635901,nan,nan,0.39479709998704493,ok
LightGBM,energy_efficiency,768,9,1,4,0.9963098448959736,0.15716795742887069,-0.002064623203862581,nan,nan,0.3244983000913635,ok
GeoXGB,energy_efficiency,768,9,2,0,0.8932585884340103,0.8577095556106024,0.768072117721058,0.30006251079673474,0.00015629922804225298,0.32630499999504536,ok
XGBoost,energy_efficiency,768,9,2,0,0.9954122678735339,0.6908317570056518,-0.3960212834548451,nan,nan,0.38879889994859695,ok
LightGBM,energy_efficiency,768,9,2,0,0.9961301078576373,0.7154687596653823,0.014557180685852988,nan,nan,0.33864370000083,ok
GeoXGB,energy_efficiency,768,9,2,1,0.8553359557181084,0.8799677876453926,0.5382380276868155,0.42245006751049696,4.8306609028491285e-08,0.4740104000084102,ok
XGBoost,energy_efficiency,768,9,2,1,0.9956126481518686,0.3017036351571102,-0.6542382261562245,nan,nan,0.43154289992526174,ok
LightGBM,energy_efficiency,768,9,2,1,0.9954060400081332,0.5502904286401135,-0.2577559734875219,nan,nan,0.3780629000393674,ok
GeoXGB,energy_efficiency,768,9,2,2,0.9129329863663159,0.9115429289596692,0.7015543340953456,0.20037446666632097,0.012715281588179802,0.4117644999641925,ok
XGBoost,energy_efficiency,768,9,2,2,0.9976019674310981,0.6381952605604788,-0.32542156738789485,nan,nan,0.5671882000751793,ok
LightGBM,energy_efficiency,768,9,2,2,0.996553923912347,0.7292778063602399,-0.09504527558659359,nan,nan,0.3203472999157384,ok
GeoXGB,energy_efficiency,768,9,2,3,0.9146339194735709,0.7941016368879408,0.6514109219370593,0.2900043806293418,0.00027668965764724037,0.5202276000054553,ok
XGBoost,energy_efficiency,768,9,2,3,0.9975066849810988,0.5777878065920106,-0.4349112993836177,nan,nan,0.4406424999469891,ok
LightGBM,energy_efficiency,768,9,2,3,0.9976319349034061,0.7077586481973448,-0.24299032897437556,nan,nan,0.32724250003229827,ok
GeoXGB,energy_efficiency,768,9,2,4,0.8973110702582359,0.8713963770773544,0.6313308629314659,0.04869955043113948,0.5499767108933393,0.31274729990400374,ok
XGBoost,energy_efficiency,768,9,2,4,0.9952178966101917,0.5713949780092453,-0.47915698762532855,nan,nan,0.43054850003682077,ok
LightGBM,energy_efficiency,768,9,2,4,0.9962991557627221,0.8199439805417382,-0.14588823324884737,nan,nan,0.3221804000204429,ok
GeoXGB,wine_quality,1599,11,0,0,0.3266314251229877,0.3011739876964308,0.20897136728765975,0.07504970622961255,0.18051678523761622,0.9441071000183001,ok
XGBoost,wine_quality,1599,11,0,0,0.410965328882839,0.3062019370504643,0.17377440058260185,nan,nan,1.0436454000882804,ok
LightGBM,wine_quality,1599,11,0,0,0.38335904927617703,0.2539273432455157,0.11111302047073213,nan,nan,0.7223540999693796,ok
GeoXGB,wine_quality,1599,11,0,1,0.32065098864693853,0.2902499491751841,0.14535090208910895,0.14293914773018251,0.010463417815224,0.8732927999226376,ok
XGBoost,wine_quality,1599,11,0,1,0.34049691341481236,0.2838460342231527,0.11202056401082006,nan,nan,1.0716776999179274,ok
LightGBM,wine_quality,1599,11,0,1,0.3431361323831872,0.22300596428770036,0.0984482270470397,nan,nan,0.5513295000419021,ok
GeoXGB,wine_quality,1599,11,0,2,0.41377318934558116,0.3599091003793935,0.24381026158638375,0.13994975006275295,0.01220900082094949,0.8091518000001088,ok
XGBoost,wine_quality,1599,11,0,2,0.5274201761887605,0.38032382451444335,0.17396571085959078,nan,nan,1.0389664999675006,ok
LightGBM,wine_quality,1599,11,0,2,0.5045973535560253,0.3932852343680181,0.19136833592501845,nan,nan,0.5479514000471681,ok
GeoXGB,wine_quality,1599,11,0,3,0.4167563537631557,0.3563270748272045,0.24519350526318962,0.1219571896770475,0.029165116475951703,1.8694748999550939,ok
XGBoost,wine_quality,1599,11,0,3,0.5065443005528567,0.40709772352767826,0.2846731060664631,nan,nan,1.0603357000509277,ok
LightGBM,wine_quality,1599,11,0,3,0.49368931371029623,0.3765794075703667,0.24331990256017255,nan,nan,0.5627011000178754,ok
GeoXGB,wine_quality,1599,11,0,4,0.4679161988572569,0.4001616338524676,0.288811350575915,0.08688734254071875,0.1214548678007231,1.9064353998983279,ok
XGBoost,wine_quality,1599,11,0,4,0.5219620105819145,0.3578674668343894,0.21514577873045226,nan,nan,1.1750554000027478,ok
LightGBM,wine_quality,1599,11,0,4,0.4793113531371346,0.32810454632272135,0.18704016091737874,nan,nan,0.5776786000933498,ok
GeoXGB,wine_quality,1599,11,1,0,0.3444691983432684,0.30866955120640227,0.16714659208319194,0.030224272970484353,0.5901107645764291,1.7741993000963703,ok
XGBoost,wine_quality,1599,11,1,0,0.41684722063345236,0.3230447737502119,0.19605107104157238,nan,nan,0.9922671000240371,ok
LightGBM,wine_quality,1599,11,1,0,0.4236266674794569,0.3218998265092341,0.15896030731936028,nan,nan,0.572145999991335,ok
GeoXGB,wine_quality,1599,11,1,1,0.39814723466121293,0.3206870079652434,0.2657430285847151,0.11319294605209328,0.04302773978962628,0.8119845000328496,ok
XGBoost,wine_quality,1599,11,1,1,0.5150110906969357,0.3321814179509017,0.21033121499518326,nan,nan,1.2824577999999747,ok
LightGBM,wine_quality,1599,11,1,1,0.4961273778772858,0.2923587055500797,0.17899658718095357,nan,nan,0.5791921999771148,ok
GeoXGB,wine_quality,1599,11,1,2,0.3596615462700937,0.2914484914820674,0.18220545074648198,0.14061032438754165,0.01180258041092097,0.8254241000395268,ok
XGBoost,wine_quality,1599,11,1,2,0.45154093807372253,0.3094560628067953,0.14274048428946084,nan,nan,1.0336737000616267,ok
LightGBM,wine_quality,1599,11,1,2,0.4129710764548783,0.320305016173402,0.14898426639796902,nan,nan,0.5258102000225335,ok
GeoXGB,wine_quality,1599,11,1,3,0.3723064770193858,0.32375451957877477,0.19064155057486298,0.1202835280962596,0.03146888718942007,0.8004306999500841,ok
XGBoost,wine_quality,1599,11,1,3,0.44052780139130376,0.32468917607710523,0.1409887893738454,nan,nan,0.9977697998983786,ok
LightGBM,wine_quality,1599,11,1,3,0.4175221767052214,0.2762399326554865,0.17230503224787286,nan,nan,0.6006069000577554,ok
GeoXGB,wine_quality,1599,11,1,4,0.43963458225896335,0.4064817635007283,0.38292802387920155,0.13113002217268604,0.019129959020371727,0.8759835000382736,ok
XGBoost,wine_quality,1599,11,1,4,0.5298354518084444,0.42888003658991214,0.37621566844440224,nan,nan,1.0188550000311807,ok
LightGBM,wine_quality,1599,11,1,4,0.5427856993115846,0.4329053442909112,0.35082768082507043,nan,nan,0.5963940999936312,ok
GeoXGB,wine_quality,1599,11,2,0,0.3189703352141844,0.28699677903415133,0.12093856315489115,0.10001267930576578,0.07400833779076357,0.7897562000434846,ok
XGBoost,wine_quality,1599,11,2,0,0.43702926378013074,0.30122171359662053,0.1636213738496055,nan,nan,1.0497760999714956,ok
LightGBM,wine_quality,1599,11,2,0,0.4124066480316452,0.2455457959432814,0.08985177073298312,nan,nan,0.5268579999683425,ok
GeoXGB,wine_quality,1599,11,2,1,0.40847926923520805,0.3585639785379543,0.27965785841705537,0.07165711126530204,0.20108403666421978,1.945234899991192,ok
XGBoost,wine_quality,1599,11,2,1,0.38488981001589817,0.30348401106898026,0.1357719646220774,nan,nan,1.0090643001021817,ok
LightGBM,wine_quality,1599,11,2,1,0.3604274168580921,0.271521067974583,0.08149956437835504,nan,nan,0.5213068999582902,ok
GeoXGB,wine_quality,1599,11,2,2,0.4565042684239192,0.4141446313808469,0.2664877797212418,0.09574218965381251,0.08728137398519681,0.7806194999720901,ok
XGBoost,wine_quality,1599,11,2,2,0.5663300324987303,0.4349516654686947,0.24456657298544338,nan,nan,1.034046999993734,ok
LightGBM,wine_quality,1599,11,2,2,0.5653031611897548,0.42328610567614555,0.2278082414505994,nan,nan,0.5431726999813691,ok
GeoXGB,wine_quality,1599,11,2,3,0.3462708097939491,0.322458051070013,0.23296881018767246,0.10983944693907746,0.04963196361197613,0.7737579999957234,ok
XGBoost,wine_quality,1599,11,2,3,0.3949986280663017,0.33199243251167354,0.1907657075826884,nan,nan,1.5887005999684334,ok
LightGBM,wine_quality,1599,11,2,3,0.3723977270878971,0.27893309529578547,0.1582701543303051,nan,nan,0.5715722000459209,ok
GeoXGB,wine_quality,1599,11,2,4,0.41375199580418864,0.3643062537766909,0.29619460438166934,0.08745794836091927,0.11901877348547354,0.7876265000086278,ok
XGBoost,wine_quality,1599,11,2,4,0.48458104247610845,0.3651664510673699,0.21217997797600874,nan,nan,1.0303774999920279,ok
LightGBM,wine_quality,1599,11,2,4,0.4407297128164811,0.33277126696885995,0.23151577814792113,nan,nan,0.5456389000173658,ok
GeoXGB,cpusmall,5000,12,0,0,0.9589734097461355,0.4719692518613515,0.2758591518367308,0.2605389205389206,5.583928221561576e-17,5.978867599973455,ok
XGBoost,cpusmall,5000,12,0,0,0.9719673673894349,0.3998776829920616,-0.4804859876670873,nan,nan,3.305114099988714,ok
LightGBM,cpusmall,5000,12,0,0,0.9749878714087405,0.07478575092536122,-0.40576533925669866,nan,nan,1.482500100042671,ok
GeoXGB,cpusmall,5000,12,0,1,0.9616539709881393,0.5284221213890394,0.32111469173651663,0.24513721787262954,3.765644336008186e-15,4.625346399960108,ok
XGBoost,cpusmall,5000,12,0,1,0.9786790731638374,0.3922055441935325,-1.6318089764960546,nan,nan,2.578758000046946,ok
LightGBM,cpusmall,5000,12,0,1,0.9781513427609982,-1.1405305649403554,-3.390581672531998,nan,nan,1.420555799966678,ok
GeoXGB,cpusmall,5000,12,0,2,0.9560177430634252,0.5862404147838542,0.19336479709391308,0.32126771394194237,1.921676016760479e-25,4.537453299970366,ok
XGBoost,cpusmall,5000,12,0,2,0.9775261347752192,0.11012897966830493,-2.292624180103301,nan,nan,3.2470260999398306,ok
LightGBM,cpusmall,5000,12,0,2,0.9767285708958776,-2.3337972871059613,-3.243243710339372,nan,nan,1.3258403999498114,ok
GeoXGB,cpusmall,5000,12,0,3,0.9552861498510172,0.3497064150394965,0.0023207834469076705,0.29148916386150137,4.900951311751928e-21,5.892760899965651,ok
XGBoost,cpusmall,5000,12,0,3,0.9757984377275678,0.07402838334583617,-2.400654636957666,nan,nan,2.612189000006765,ok
LightGBM,cpusmall,5000,12,0,3,0.9749393337682651,-2.851779175664887,-3.678541272625883,nan,nan,1.454734200029634,ok
GeoXGB,cpusmall,5000,12,0,4,0.9617616541988544,0.4621327201978479,0.21144308775382048,0.26012049002229737,6.284401336718043e-17,4.854673099936917,ok
XGBoost,cpusmall,5000,12,0,4,0.9793592644631673,0.28736492337918007,-2.106984423744209,nan,nan,2.575421700021252,ok
LightGBM,cpusmall,5000,12,0,4,0.9786336808941343,-2.5773310002552012,-3.4547827651992993,nan,nan,1.29541049990803,ok
GeoXGB,cpusmall,5000,12,1,0,0.9540649216213951,0.573878923873705,0.39254142557724125,0.2812936501375311,1.2135800086438575e-19,5.093712800065987,ok
XGBoost,cpusmall,5000,12,1,0,0.9786770615966873,0.5038161411350801,-2.3543192610720043,nan,nan,2.599077200051397,ok
LightGBM,cpusmall,5000,12,1,0,0.9780721917650742,-0.5652265570528692,-2.974328632087902,nan,nan,1.1697670000139624,ok
GeoXGB,cpusmall,5000,12,1,1,0.9691231396478925,0.622158098438548,0.4453775656015575,0.23636943907854746,3.6506620315130586e-14,5.6453181999968365,ok
XGBoost,cpusmall,5000,12,1,1,0.980232641617867,0.36799551874459013,-2.2368325065373877,nan,nan,3.905532700009644,ok
LightGBM,cpusmall,5000,12,1,1,0.9796621092153158,0.11749661348756824,-1.4898699531917021,nan,nan,1.1513280000071973,ok
GeoXGB,cpusmall,5000,12,1,2,0.9617079785470145,0.5041432613707302,0.27194259034027235,0.29066559866559866,6.382650479739612e-21,4.496843999950215,ok
XGBoost,cpusmall,5000,12,1,2,0.9784099533267829,0.4231538291581023,-2.9331277860114597,nan,nan,4.132480500033125,ok
LightGBM,cpusmall,5000,12,1,2,0.9779130880828139,-0.32300291506360224,-1.4391397464511284,nan,nan,1.356206399970688,ok
GeoXGB,cpusmall,5000,12,1,3,0.960909693118153,0.46188772294771274,0.1821299987169076,0.3229551523947311,1.043729710055107e-25,5.204025499988347,ok
XGBoost,cpusmall,5000,12,1,3,0.9774979512628156,0.14141216956785274,-3.3611583253099795,nan,nan,3.20687180000823,ok
LightGBM,cpusmall,5000,12,1,3,0.9774103590110795,-1.2163390378694698,-4.533492972623879,nan,nan,3.7828859000001103,ok
GeoXGB,cpusmall,5000,12,1,4,0.9499517554428666,0.27384956153257356,-0.05835275081397806,0.3127500727500727,3.946672282821564e-24,4.969940799986944,ok
XGBoost,cpusmall,5000,12,1,4,0.9624086225772339,0.7422178701294351,-0.6059584620481115,nan,nan,3.103293100022711,ok
LightGBM,cpusmall,5000,12,1,4,0.973975549056517,-2.7712409931528033,-4.398590967408064,nan,nan,1.375473599997349,ok
GeoXGB,cpusmall,5000,12,2,0,0.9532145408178969,0.17275442092358884,-0.3322308950409507,0.2601176428979959,6.289452198275621e-17,4.293116300017573,ok
XGBoost,cpusmall,5000,12,2,0,0.9749507498788169,0.10637390289741644,-2.204095650412463,nan,nan,3.137867399957031,ok
LightGBM,cpusmall,5000,12,2,0,0.9728289899969118,-2.877598440451516,-3.9482191847141053,nan,nan,1.348216800019145,ok
GeoXGB,cpusmall,5000,12,2,1,0.9737817913795374,0.3622237201168008,0.07069403679211073,0.2712547348822633,2.5173229188991336e-18,4.70891639997717,ok
XGBoost,cpusmall,5000,12,2,1,0.9814811268816903,0.6007766592826513,0.005690575329956538,nan,nan,2.6844146999064833,ok
LightGBM,cpusmall,5000,12,2,1,0.9804182701266136,0.359804923906791,-0.21939564623460095,nan,nan,1.5142200000118464,ok
GeoXGB,cpusmall,5000,12,2,2,0.9559211842012806,0.567465135209337,0.3414692186440893,0.3441858681858682,3.4443481039490065e-29,3.8386158000212163,ok
XGBoost,cpusmall,5000,12,2,2,0.9770787834294743,0.031669804758170605,-2.0920431681526144,nan,nan,2.944093699916266,ok
LightGBM,cpusmall,5000,12,2,2,0.9770165960433909,-1.0080461403699421,-3.8440903098576413,nan,nan,1.3353128000162542,ok
GeoXGB,cpusmall,5000,12,2,3,0.9600323324112588,0.41355164147829904,0.051868087341850555,0.2891831771831772,1.0245871914715525e-20,3.883975600008853,ok
XGBoost,cpusmall,5000,12,2,3,0.9762812106480342,0.21419620569125197,-1.9362538817447268,nan,nan,2.4984834999777377,ok
LightGBM,cpusmall,5000,12,2,3,0.9771387435652006,-1.3653538271839247,-4.8669006370831935,nan,nan,1.3544570000376552,ok
GeoXGB,cpusmall,5000,12,2,4,0.952705179170799,0.39036084547066585,0.027718136487816625,0.30115367489866846,2.0685038520679219e-22,3.8627017999533564,ok
XGBoost,cpusmall,5000,12,2,4,0.970118153248391,-0.12661211018703478,-2.3922712546583553,nan,nan,2.447324199951254,ok
LightGBM,cpusmall,5000,12,2,4,0.9484737746314368,-2.707704563776912,-4.18238486365833,nan,nan,1.1678078999975696,ok
